Season,Competition,Matchday,Date,Venue,Club,Opponent,Playing_Position,Minute,Type,Goal_assist,MT_Result,Opponent_result,MT_At_Score,Opponent_At_Score
04/05,LaLiga,34,05/01/05,H,FC Barcelona,Albacete Balompie,CF,91,Left-footed shot,Ronaldinho Gaucho,2,0,2,0
05/06,UEFA Champions League,Group Stage,11/02/05,H,FC Barcelona,Panathinaikos Athens,RW,34,Left-footed shot,,5,0,3,0
05/06,LaLiga,13,11/27/05,H,FC Barcelona,Racing Santander,RW,51,Left-footed shot,Samuel Etoo,4,1,2,0
05/06,LaLiga,19,01/15/06,H,FC Barcelona,Athletic Bilbao,RW,50,Left-footed shot,Mark van Bommel,2,1,2,1
05/06,LaLiga,20,01/22/06,H,FC Barcelona,Deportivo Alaves,CF,82,Left-footed shot,Ronaldinho Gaúcho,2,0,2,0
05/06,LaLiga,21,01/29/06,A,FC Barcelona,RCD Mallorca,CF,75,Right-footed shot,Sylvinho,3,0,2,0
05/06,LaLiga,21,01/29/06,A,FC Barcelona,RCD Mallorca,CF,83,Left-footed shot,Ronaldinho Gaúcho,3,0,3,0
05/06,Copa del Rey,Quarter-Finals,02/01/06,H,FC Barcelona,Real Zaragoza,CF,42,Header,Ludovic Giuly,2,1,1,0
05/06,LaLiga,24,02/18/06,H,FC Barcelona,Real Betis Balompie,RW,84,Left-footed shot,,5,1,5,1
06/07,LaLiga,1,08/28/06,A,FC Barcelona,Celta de Vigo,LW,59,Left-footed shot,Andres Iniesta,3,2,2,1
06/07,LaLiga,2,09/09/06,H,FC Barcelona,CA Osasuna,RW,36,Left-footed shot,Samuel Etoo,3,0,3,0
06/07,UEFA Champions League,Group Stage,09/27/06,A,FC Barcelona,SV Werder Bremen,RW,89,Left-footed shot,Deco,1,1,1,1
06/07,LaLiga,6,10/15/06,H,FC Barcelona,Sevilla FC,RW,80,Right-footed shot,Xavi,3,1,3,1
06/07,LaLiga,26,03/10/07,H,FC Barcelona,Real Madrid,RW,11,Left-footed shot,Samuel Etoo,3,3,1,1
06/07,LaLiga,26,03/10/07,H,FC Barcelona,Real Madrid,RW,28,Left-footed shot,,3,3,2,2
06/07,LaLiga,26,03/10/07,H,FC Barcelona,Real Madrid,RW,91,Left-footed shot,Ronaldinho Gaúcho,3,3,3,3
06/07,LaLiga,27,03/17/07,A,FC Barcelona,Recreativo Huelva,RW,86,Left-footed shot,,4,0,4,0
06/07,LaLiga,28,03/31/07,H,FC Barcelona,Deportivo de La Coruña,RW,45,Left-footed shot,Ronaldinho Gaúcho,2,1,1,0
06/07,Copa del Rey,Semi-Finals,04/18/07,H,FC Barcelona,Getafe CF,RW,29,Solo run,Xavi,5,2,2,0
06/07,Copa del Rey,Semi-Finals,04/18/07,H,FC Barcelona,Getafe CF,RW,45,Left-footed shot,Deco,5,2,3,0
06/07,LaLiga,35,05/20/07,A,FC Barcelona,Atlético de Madrid,RW,39,Left-footed shot,Samuel Etoo,6,0,1,0
06/07,LaLiga,35,05/20/07,A,FC Barcelona,Atlético de Madrid,RW,80,Left-footed shot,Giovanni van Bronckhorst,6,0,5,0
06/07,LaLiga,37,06/09/07,H,FC Barcelona,RCD Espanyol Barcelona,RW,43,,Gianluca Zambrotta,2,2,1,1
06/07,LaLiga,37,06/09/07,H,FC Barcelona,RCD Espanyol Barcelona,RW,57,Right-footed shot,Deco,2,2,2,1
06/07,LaLiga,38,06/17/07,A,FC Barcelona,Gimnastic de Tarragona,RW,34,Left-footed shot,Deco,5,1,2,0
06/07,LaLiga,38,06/17/07,A,FC Barcelona,Gimnastic de Tarragona,RW,51,Left-footed shot,Deco,5,1,4,0
07/08,UEFA Champions League,Group Stage,09/19/07,H,FC Barcelona,Olympique Lyon,RW,82,Left-footed shot,Andres Iniesta,3,0,2,0
07/08,LaLiga,4,09/22/07,H,FC Barcelona,Sevilla FC,RW,72,Left-footed shot,Thierry Henry,2,1,1,0
07/08,LaLiga,4,09/22/07,H,FC Barcelona,Sevilla FC,RW,79,Penalty,,2,1,2,0
07/08,LaLiga,5,09/26/07,H,FC Barcelona,Real Zaragoza,RW,5,Left-footed shot,Thierry Henry,4,1,1,0
07/08,LaLiga,5,09/26/07,H,FC Barcelona,Real Zaragoza,RW,10,Left-footed shot,Deco,4,1,2,1
07/08,LaLiga,6,09/29/07,A,FC Barcelona,Levante UD,RW,50,Left-footed shot,Deco,4,1,4,0
07/08,UEFA Champions League,Group Stage,10/02/07,A,FC Barcelona,VfB Stuttgart,RW,66,Deflected shot on goal,Thierry Henry,2,0,2,0
07/08,LaLiga,7,10/07/07,H,FC Barcelona,Atlético de Madrid,RW,19,Left-footed shot,Ronaldinho Gaúcho,3,0,2,0
07/08,LaLiga,9,10/28/07,H,FC Barcelona,UD Almera,RW,80,Penalty,,2,0,2,0
07/08,UEFA Champions League,Group Stage,11/07/07,H,FC Barcelona,Rangers FC,RW,41,Left-footed shot,Ronaldinho Gaúcho,2,0,2,0
07/08,LaLiga,13,11/24/07,H,FC Barcelona,Recreativo Huelva,RW,81,Penalty,,3,0,3,0
07/08,UEFA Champions League,Group Stage,11/27/07,A,FC Barcelona,Olympique Lyon,RW,58,Penalty,,2,2,2,1
07/08,UEFA Champions League,last 16,02/20/08,A,FC Barcelona,Celtic FC,RW,18,Left-footed shot,Deco,3,2,1,1
07/08,UEFA Champions League,last 16,02/20/08,A,FC Barcelona,Celtic FC,RW,79,Left-footed shot,,3,2,3,2
07/08,LaLiga,25,02/24/08,H,FC Barcelona,Levante UD,RW,44,Left-footed shot,Xavi,5,1,2,1
07/08,LaLiga,35,05/04/08,H,FC Barcelona,Valencia CF,RW,5,Penalty,,6,0,1,0
08/09,LaLiga,2,09/13/08,H,FC Barcelona,Racing Santander,RW,70,Penalty,,1,1,1,0
08/09,LaLiga,3,09/21/08,A,FC Barcelona,Sporting de Gijón,RW,85,Left-footed shot,Andres Iniesta,6,1,5,1
08/09,LaLiga,3,09/21/08,A,FC Barcelona,Sporting de Gijón,RW,89,Header,Xavi,6,1,6,1
08/09,LaLiga,5,09/27/08,A,FC Barcelona,RCD Espanyol Barcelona,RW,90,Penalty,,2,1,2,1
08/09,UEFA Champions League,Group Stage,10/01/08,A,FC Barcelona,Shakhtar Donetsk,RW,87,Right-footed shot,Bojan Krkic,2,1,1,1
08/09,UEFA Champions League,Group Stage,10/01/08,A,FC Barcelona,Shakhtar Donetsk,RW,92,Left-footed shot,Xavi,2,1,2,1
08/09,LaLiga,6,10/04/08,H,FC Barcelona,Atlético de Madrid,RW,8,Direct free kick,,6,1,3,0
08/09,UEFA Champions League,Group Stage,10/22/08,A,FC Barcelona,FC Basel 1893,CF,4,Left-footed shot,Dani Alves,5,0,1,0
08/09,LaLiga,9,11/01/08,A,FC Barcelona,Málaga CF,RW,19,Left-footed shot,,4,1,2,1
08/09,UEFA Champions League,Group Stage,11/04/08,H,FC Barcelona,FC Basel 1893,RW,61,Left-footed shot,Thierry Henry,1,1,1,0
08/09,Copa del Rey,Fifth Round,11/12/08,H,FC Barcelona,Benidorm CD,RW,86,Penalty rebound,,1,0,1,0
08/09,LaLiga,11,11/16/08,A,FC Barcelona,Recreativo Huelva,RW,51,Left-footed shot,Xavi,2,0,1,0
08/09,UEFA Champions League,Group Stage,11/26/08,A,FC Barcelona,Sporting CP,RW,49,Left-footed shot,Dani Alves,5,2,3,0
08/09,LaLiga,13,11/29/08,A,FC Barcelona,Sevilla FC,RW,78,Left-footed shot,Xavi,3,0,2,0
08/09,LaLiga,13,11/29/08,A,FC Barcelona,Sevilla FC,RW,92,Left-footed shot,Aleksandr Hleb,3,0,3,0
08/09,LaLiga,15,12/13/08,H,FC Barcelona,Real Madrid,RW,89,Counter attack goal,Thierry Henry,2,0,2,0
08/09,Copa del Rey,Round of 16,01/06/09,A,FC Barcelona,Atlético de Madrid,RW,11,Left-footed shot,Dani Alves,3,1,1,0
08/09,Copa del Rey,Round of 16,01/06/09,A,FC Barcelona,Atlético de Madrid,RW,57,Penalty,,3,1,2,0
08/09,Copa del Rey,Round of 16,01/06/09,A,FC Barcelona,Atlético de Madrid,RW,79,Right-footed shot,Andres Iniesta,3,1,3,1
08/09,LaLiga,18,01/11/09,A,FC Barcelona,CA Osasuna,RW,84,Left-footed shot,Dani Alves,3,2,3,2
08/09,LaLiga,19,01/17/09,H,FC Barcelona,Deportivo de La Coruña,RW,21,Left-footed shot,,5,0,1,0
08/09,LaLiga,20,01/24/09,H,FC Barcelona,CD Numancia,RW,49,Left-footed shot,Dani Alves,4,1,1,0
08/09,LaLiga,20,01/24/09,H,FC Barcelona,CD Numancia,RW,76,Right-footed shot,,4,1,4,1
08/09,LaLiga,21,02/01/09,A,FC Barcelona,Racing Santander,RW,65,Right-footed shot,Xavi,2,1,1,1
08/09,LaLiga,21,02/01/09,A,FC Barcelona,Racing Santander,RW,81,Right-footed shot,,2,1,2,1
08/09,LaLiga,25,03/01/09,A,FC Barcelona,Atlético de Madrid,RW,30,Left-footed shot,,3,4,2,0
08/09,Copa del Rey,Semi-Finals,03/04/09,A,FC Barcelona,RCD Mallorca,RW,81,Left-footed shot,Gerard Pique,1,1,1,1
08/09,LaLiga,26,03/07/09,H,FC Barcelona,Athletic Bilbao,RW,31,Penalty,,2,0,2,0
08/09,UEFA Champions League,last 16,03/11/09,H,FC Barcelona,Olympique Lyon,RW,40,Left-footed shot,Samuel Etoo,5,2,3,0
08/09,LaLiga,28,03/22/09,H,FC Barcelona,Málaga CF,RW,26,Right-footed shot,Xavi,6,0,2,0
08/09,UEFA Champions League,Quarter-Finals,04/08/09,H,FC Barcelona,Bayern Munich,RW,9,Left-footed shot,Samuel Etoo,4,0,1,0
08/09,UEFA Champions League,Quarter-Finals,04/08/09,H,FC Barcelona,Bayern Munich,RW,38,Right-footed shot,Thierry Henry,4,0,3,0
08/09,LaLiga,31,04/18/09,A,FC Barcelona,Getafe CF,RW,18,Left-footed shot,Xavi,1,0,1,0
08/09,LaLiga,33,04/25/09,A,FC Barcelona,Valencia CF,RW,23,Left-footed shot,Andres Iniesta,2,2,1,0
08/09,LaLiga,34,05/02/09,A,FC Barcelona,Real Madrid,CF,35,Left-footed shot,Xavi,6,2,3,1
08/09,LaLiga,34,05/02/09,A,FC Barcelona,Real Madrid,CF,75,Left-footed shot,Xavi,6,2,5,2
08/09,Copa del Rey,Final,05/13/09,H,FC Barcelona,Athletic Bilbao,RW,55,Left-footed shot,Samuel Etoo,4,1,2,1
08/09,UEFA Champions League,Final,05/27/09,H,FC Barcelona,Manchester United,CF,70,Header,Xavi,2,0,2,0
09/10,Supercopa,Final,08/23/09,H,FC Barcelona,Athletic Bilbao,RW,50,Right-footed shot,Zlatan Ibrahimovic,3,0,1,0
09/10,Supercopa,Final,08/23/09,H,FC Barcelona,Athletic Bilbao,RW,68,Penalty,,3,0,2,0
09/10,LaLiga,2,09/12/09,A,FC Barcelona,Getafe CF,RW,78,Header,Zlatan Ibrahimovic,2,0,2,0
09/10,LaLiga,3,09/19/09,H,FC Barcelona,Atlético de Madrid,RW,15,Left-footed shot,Xavi,5,2,2,0
09/10,LaLiga,3,09/19/09,H,FC Barcelona,Atlético de Madrid,RW,93,Right-footed shot,Dani Alves,5,2,5,2
09/10,LaLiga,4,09/22/09,A,FC Barcelona,Racing Santander,RW,23,Left-footed shot,Xavi,4,1,2,0
09/10,LaLiga,4,09/22/09,A,FC Barcelona,Racing Santander,RW,63,Left-footed shot,Xavi,4,1,4,0
09/10,UEFA Champions League,Group Stage,09/29/09,H,FC Barcelona,Dynamo Kyiv,RW,25,Left-footed shot,Andres Iniesta,2,0,1,0
09/10,LaLiga,8,10/25/09,H,FC Barcelona,Real Zaragoza,RW,80,Left-footed shot,Andres Iniesta,6,1,5,1
09/10,LaLiga,10,11/07/09,H,FC Barcelona,RCD Mallorca,RW,86,Penalty,,4,2,4,1
09/10,Copa del Rey,Fifth Round,11/10/09,H,FC Barcelona,Cultural Leonesa,RW,64,Left-footed shot,Pedro,5,0,4,0
09/10,LaLiga,13,12/05/09,A,FC Barcelona,Deportivo de La Coruña,RW,26,Left-footed shot,Dani Alves,3,1,1,0
09/10,LaLiga,13,12/05/09,A,FC Barcelona,Deportivo de La Coruña,RW,80,Header,Pedro,3,1,2,1
09/10,UEFA Champions League,Group Stage,12/09/09,A,FC Barcelona,Dynamo Kyiv,RW,86,Direct free kick,,2,1,2,1
09/10,FIFA Club World Cup,Semi-Finals,12/16/09,A,FC Barcelona,CF Atlante,RW,55,Left-footed shot,Zlatan Ibrahimovic,3,1,2,1
09/10,FIFA Club World Cup,Final,12/19/09,A,FC Barcelona,Club Estudiantes de La Plata,RW,110,Chest,Dani Alves,T,1,2,1
09/10,LaLiga,17,01/10/10,A,FC Barcelona,CD Tenerife,RW,36,Left-footed shot,Bojan Krkic,5,0,1,0
09/10,LaLiga,17,01/10/10,A,FC Barcelona,CD Tenerife,RW,45,Right-footed shot,Bojan Krkic,5,0,3,0
09/10,LaLiga,17,01/10/10,A,FC Barcelona,CD Tenerife,RW,75,Left-footed shot,Bojan Krkic,5,0,4,0
09/10,LaLiga,18,01/16/10,H,FC Barcelona,Sevilla FC,RW,85,Left-footed shot,Dani Alves,4,0,3,0
09/10,LaLiga,18,01/16/10,H,FC Barcelona,Sevilla FC,RW,91,Left-footed shot,Eric Abidal,4,0,4,0
09/10,LaLiga,19,01/23/10,A,FC Barcelona,Real Valladolid CF,RW,54,Left-footed shot,Zlatan Ibrahimovic,3,0,3,0
09/10,LaLiga,21,02/06/10,H,FC Barcelona,Getafe CF,RW,7,Left-footed shot,Yaya Toure,2,1,1,0
09/10,LaLiga,24,02/27/10,H,FC Barcelona,Málaga CF,RW,84,Right-footed shot,Dani Alves,2,1,2,1
09/10,LaLiga,25,03/06/10,A,FC Barcelona,UD Almera,RW,42,Direct free kick,,2,2,1,1
09/10,LaLiga,25,03/06/10,A,FC Barcelona,UD Almera,RW,66,Left-footed shot,,2,2,2,2
09/10,LaLiga,26,03/14/10,H,FC Barcelona,Valencia CF,CF,56,Left-footed shot,Xavi,3,0,1,0
09/10,LaLiga,26,03/14/10,H,FC Barcelona,Valencia CF,CF,80,Left-footed shot,Thierry Henry,3,0,2,0
09/10,LaLiga,26,03/14/10,H,FC Barcelona,Valencia CF,CF,82,Right-footed shot,Thierry Henry,3,0,3,0
09/10,UEFA Champions League,last 16,03/17/10,H,FC Barcelona,VfB Stuttgart,CF,13,Left-footed shot,Yaya Toure,4,0,1,0
09/10,UEFA Champions League,last 16,03/17/10,H,FC Barcelona,VfB Stuttgart,CF,56,Left-footed shot,Dani Alves,4,0,3,0
09/10,LaLiga,27,03/21/10,A,FC Barcelona,Real Zaragoza,RW,4,Header,Pedro,4,2,1,0
09/10,LaLiga,27,03/21/10,A,FC Barcelona,Real Zaragoza,RW,65,Left-footed shot,,4,2,2,0
09/10,LaLiga,27,03/21/10,A,FC Barcelona,Real Zaragoza,RW,78,Left-footed shot,Andres Iniesta,4,2,3,0
09/10,LaLiga,30,04/03/10,H,FC Barcelona,Athletic Bilbao,CF,67,Left-footed shot,Pedro,4,1,4,0
09/10,UEFA Champions League,Quarter-Finals,04/06/10,H,FC Barcelona,Arsenal FC,CF,21,Left-footed shot,,4,1,1,1
09/10,UEFA Champions League,Quarter-Finals,04/06/10,H,FC Barcelona,Arsenal FC,CF,37,Right-footed shot,Pedro,4,1,2,1
09/10,UEFA Champions League,Quarter-Finals,04/06/10,H,FC Barcelona,Arsenal FC,CF,42,Left-footed shot,Seydou Keita,4,1,3,1
09/10,UEFA Champions League,Quarter-Finals,04/06/10,H,FC Barcelona,Arsenal FC,CF,88,Left-footed shot,Xavi,4,1,4,1
09/10,LaLiga,31,04/10/10,A,FC Barcelona,Real Madrid,CF,32,Right-footed shot,Xavi,2,0,1,0
09/10,LaLiga,35,05/01/10,A,FC Barcelona,Villarreal CF,RW,18,Left-footed shot,Xavi,4,1,1,0
09/10,LaLiga,35,05/01/10,A,FC Barcelona,Villarreal CF,RW,87,Left-footed shot,Dani Alves,4,1,4,1
09/10,LaLiga,36,05/04/10,H,FC Barcelona,CD Tenerife,RW,16,Right-footed shot,Zlatan Ibrahimovic,4,1,1,0
09/10,LaLiga,36,05/04/10,H,FC Barcelona,CD Tenerife,RW,93,Right-footed shot,Dani Alves,4,1,4,1
09/10,LaLiga,37,05/08/10,A,FC Barcelona,Sevilla FC,RW,5,Left-footed shot,Maxwell,3,2,1,0
09/10,LaLiga,38,05/16/10,H,FC Barcelona,Real Valladolid CF,RW,61,Right-footed shot,Yaya Toure,4,0,3,0
09/10,LaLiga,38,05/16/10,H,FC Barcelona,Real Valladolid CF,RW,74,Left-footed shot,Yaya Toure,4,0,4,0
10/11,Supercopa,Final,08/21/10,H,FC Barcelona,Sevilla FC,RW,25,Left-footed shot,Xavi,4,0,2,0
10/11,Supercopa,Final,08/21/10,H,FC Barcelona,Sevilla FC,RW,43,Right-footed shot,Dani Alves,4,0,3,0
10/11,Supercopa,Final,08/21/10,H,FC Barcelona,Sevilla FC,RW,91,Left-footed shot,Andres Iniesta,4,0,4,0
10/11,LaLiga,1,08/29/10,A,FC Barcelona,Racing Santander,RW,3,Left-footed shot,Andres Iniesta,3,0,1,0
10/11,UEFA Champions League,Group Stage,09/14/10,H,FC Barcelona,Panathinaikos Athens,CF,22,Left-footed shot,Xavi,5,1,1,1
10/11,UEFA Champions League,Group Stage,09/14/10,H,FC Barcelona,Panathinaikos Athens,CF,45,Left-footed shot,Pedro,5,1,3,1
10/11,LaLiga,3,09/19/10,A,FC Barcelona,Atlético de Madrid,CF,12,Left-footed shot,Pedro,2,1,1,0
10/11,LaLiga,6,10/03/10,H,FC Barcelona,RCD Mallorca,CF,20,Left-footed shot,Pedro,1,1,1,0
10/11,UEFA Champions League,Group Stage,10/20/10,H,FC Barcelona,FC Copenhagen,CF,18,Left-footed shot,Andres Iniesta,2,0,1,0
10/11,UEFA Champions League,Group Stage,10/20/10,H,FC Barcelona,FC Copenhagen,CF,91,Left-footed shot,Eric Abidal,2,0,2,0
10/11,LaLiga,8,10/23/10,A,FC Barcelona,Real Zaragoza,CF,41,Left-footed shot,David Villa,2,0,1,0
10/11,LaLiga,8,10/23/10,A,FC Barcelona,Real Zaragoza,CF,65,Left-footed shot,,2,0,2,0
10/11,LaLiga,9,10/30/10,H,FC Barcelona,Sevilla FC,RW,4,Left-footed shot,,5,0,1,0
10/11,LaLiga,9,10/30/10,H,FC Barcelona,Sevilla FC,RW,63,Left-footed shot,,5,0,4,0
10/11,UEFA Champions League,Group Stage,11/02/10,A,FC Barcelona,FC Copenhagen,CF,31,Right-footed shot,,1,1,1,0
10/11,LaLiga,10,11/07/10,A,FC Barcelona,Getafe CF,CF,23,Left-footed shot,David Villa,3,1,1,0
10/11,Copa del Rey,4th round,11/10/10,H,FC Barcelona,Club Atlético de Ceuta,RW,67,Left-footed shot,Thiago,5,1,5,1
10/11,LaLiga,11,11/13/10,H,FC Barcelona,Villarreal CF,CF,58,Right-footed shot,Pedro,3,1,2,1
10/11,LaLiga,11,11/13/10,H,FC Barcelona,Villarreal CF,CF,83,Left-footed shot,Pedro,3,1,3,1
10/11,LaLiga,12,11/20/10,A,FC Barcelona,UD Almera,CF,16,Left-footed shot,David Villa,8,0,1,0
10/11,LaLiga,12,11/20/10,A,FC Barcelona,UD Almera,CF,36,Tap-in,,8,0,5,0
10/11,LaLiga,12,11/20/10,A,FC Barcelona,UD Almera,CF,67,Tap-in,David Villa,8,0,7,0
10/11,UEFA Champions League,Group Stage,11/24/10,A,FC Barcelona,Panathinaikos Athens,CF,63,Left-footed shot,Adriano,3,0,2,0
10/11,LaLiga,14,12/04/10,A,FC Barcelona,CA Osasuna,CF,64,Left-footed shot,David Villa,3,0,2,0
10/11,LaLiga,14,12/04/10,A,FC Barcelona,CA Osasuna,CF,82,Penalty,,3,0,3,0
10/11,LaLiga,15,12/12/10,H,FC Barcelona,Real Sociedad,CF,46,Left-footed shot,Dani Alves,5,0,3,0
10/11,LaLiga,15,12/12/10,H,FC Barcelona,Real Sociedad,CF,86,Left-footed shot,Bojan Krkic,5,0,4,0
10/11,LaLiga,18,01/08/11,A,FC Barcelona,Deportivo de La Coruña,CF,51,Direct free kick,,4,0,2,0
10/11,Copa del Rey,Quarter-Finals,01/12/11,H,FC Barcelona,Real Betis Balompie,CF,44,Left-footed shot,Andres Iniesta,5,0,1,0
10/11,Copa del Rey,Quarter-Finals,01/12/11,H,FC Barcelona,Real Betis Balompie,CF,63,Left-footed shot,,5,0,2,0
10/11,Copa del Rey,Quarter-Finals,01/12/11,H,FC Barcelona,Real Betis Balompie,CF,73,Left-footed shot,Xavi,5,0,3,0
10/11,Copa del Rey,Quarter-Finals,01/19/11,A,FC Barcelona,Real Betis Balompie,RW,37,Left-footed shot,Xavi,1,3,1,2
10/11,LaLiga,20,01/22/11,H,FC Barcelona,Racing Santander,CF,33,Penalty,,3,0,2,0
10/11,Copa del Rey,Semi-Finals,01/26/11,H,FC Barcelona,UD Almera,CF,9,Left-footed shot,Pedro,5,0,1,0
10/11,Copa del Rey,Semi-Finals,01/26/11,H,FC Barcelona,UD Almera,CF,15,Left-footed shot,Andres Iniesta,5,0,3,0
10/11,LaLiga,21,01/29/11,A,FC Barcelona,Hercules CF,CF,87,Left-footed shot,Dani Alves,3,0,2,0
10/11,LaLiga,21,01/29/11,A,FC Barcelona,Hercules CF,CF,89,Left-footed shot,Dani Alves,3,0,3,0
10/11,LaLiga,22,02/05/11,H,FC Barcelona,Atlético de Madrid,CF,16,Left-footed shot,Dani Alves,3,0,1,0
10/11,LaLiga,22,02/05/11,H,FC Barcelona,Atlético de Madrid,CF,28,Left-footed shot,Pedro,3,0,2,0
10/11,LaLiga,22,02/05/11,H,FC Barcelona,Atlético de Madrid,CF,78,Left-footed shot,David Villa,3,0,3,0
10/11,LaLiga,24,02/20/11,H,FC Barcelona,Athletic Bilbao,CF,78,Right-footed shot,Dani Alves,2,1,2,1
10/11,LaLiga,25,02/26/11,A,FC Barcelona,RCD Mallorca,CF,38,Header,Seydou Keita,3,0,1,0
10/11,LaLiga,26,03/02/11,A,FC Barcelona,Valencia CF,CF,77,Left-footed shot,Adriano,1,0,1,0
10/11,UEFA Champions League,last 16,03/08/11,H,FC Barcelona,Arsenal FC,RW,49,Left-footed shot,Andres Iniesta,3,1,1,0
10/11,UEFA Champions League,last 16,03/08/11,H,FC Barcelona,Arsenal FC,RW,72,Penalty,,3,1,3,1
10/11,LaLiga,31,04/09/11,H,FC Barcelona,UD Almera,CF,52,Penalty,,3,1,1,1
10/11,LaLiga,31,04/09/11,H,FC Barcelona,UD Almera,CF,91,Left-footed shot,Seydou Keita,3,1,3,1
10/11,UEFA Champions League,Quarter-Finals,04/12/11,A,FC Barcelona,Shakhtar Donetsk,CF,42,Left-footed shot,Dani Alves,1,0,1,0
10/11,LaLiga,32,04/16/11,A,FC Barcelona,Real Madrid,CF,53,Penalty,,1,1,1,0
10/11,LaLiga,33,04/23/11,H,FC Barcelona,CA Osasuna,CF,87,Right-footed shot,Dani Alves,2,0,2,0
10/11,UEFA Champions League,Semi-Finals,04/27/11,A,FC Barcelona,Real Madrid,CF,76,Left-footed shot,Ibrahim Afellay,2,0,1,0
10/11,UEFA Champions League,Semi-Finals,04/27/11,A,FC Barcelona,Real Madrid,CF,87,Solo run,Sergio Busquets,2,0,2,0
10/11,UEFA Champions League,Final,05/28/11,H,FC Barcelona,Manchester United,CF,54,Left-footed shot,Andres Iniesta,3,1,2,1
11/12,Supercopa,Final,08/14/11,A,FC Barcelona,Real Madrid,CF,45,Left-footed shot,Thiago,2,2,2,1
11/12,Supercopa,Final,08/17/11,H,FC Barcelona,Real Madrid,CF,44,Right-footed shot,Gerard Pique,3,2,2,1
11/12,Supercopa,Final,08/17/11,H,FC Barcelona,Real Madrid,CF,88,Left-footed shot,Adriano,3,2,3,2
11/12,UEFA Super Cup,Final,08/26/11,H,FC Barcelona,FC Porto,CF,39,Left-footed shot,,2,0,1,0
11/12,LaLiga,2,08/29/11,H,FC Barcelona,Villarreal CF,CF,51,Right-footed shot,Andres Iniesta,5,0,4,0
11/12,LaLiga,2,08/29/11,H,FC Barcelona,Villarreal CF,CF,74,Left-footed shot,Thiago,5,0,5,0
11/12,LaLiga,4,09/17/11,H,FC Barcelona,CA Osasuna,CF,5,Left-footed shot,Dani Alves,8,0,1,0
11/12,LaLiga,4,09/17/11,H,FC Barcelona,CA Osasuna,CF,41,Left-footed shot,Cesc Fabregas,8,0,5,0
11/12,LaLiga,4,09/17/11,H,FC Barcelona,CA Osasuna,CF,79,Left-footed shot,Cesc Fabregas,8,0,8,0
11/12,LaLiga,6,09/24/11,H,FC Barcelona,Atlético de Madrid,CF,26,Left-footed shot,Pedro,5,0,3,0
11/12,LaLiga,6,09/24/11,H,FC Barcelona,Atlético de Madrid,CF,78,Left-footed shot,Dani Alves,5,0,4,0
11/12,LaLiga,6,09/24/11,H,FC Barcelona,Atlético de Madrid,CF,91,Left-footed shot,David Villa,5,0,5,0
11/12,UEFA Champions League,Group Stage,09/28/11,A,FC Barcelona,BATE Borisov,CF,38,Header,,5,0,3,0
11/12,UEFA Champions League,Group Stage,09/28/11,A,FC Barcelona,BATE Borisov,CF,56,Left-footed shot,Dani Alves,5,0,4,0
11/12,LaLiga,8,10/15/11,H,FC Barcelona,Racing Santander,CF,11,Right-footed shot,Andres Iniesta,3,0,1,0
11/12,LaLiga,8,10/15/11,H,FC Barcelona,Racing Santander,CF,69,Right-footed shot,,3,0,3,0
11/12,LaLiga,11,10/29/11,H,FC Barcelona,RCD Mallorca,CF,13,Penalty,,5,0,1,0
11/12,LaLiga,11,10/29/11,H,FC Barcelona,RCD Mallorca,CF,21,Right-footed shot,Adriano,5,0,2,0
11/12,LaLiga,11,10/29/11,H,FC Barcelona,RCD Mallorca,CF,30,Left-footed shot,Dani Alves,5,0,3,0
11/12,UEFA Champions League,Group Stage,11/01/11,A,FC Barcelona,FC Viktoria Plzen,CF,24,Penalty,,4,0,1,0
11/12,UEFA Champions League,Group Stage,11/01/11,A,FC Barcelona,FC Viktoria Plzen,CF,47,Left-footed shot,Adriano,4,0,2,0
11/12,UEFA Champions League,Group Stage,11/01/11,A,FC Barcelona,FC Viktoria Plzen,CF,92,Left-footed shot,Gerard Pique,4,0,4,0
11/12,LaLiga,12,11/06/11,A,FC Barcelona,Athletic Bilbao,CF,90,Left-footed shot,,2,2,2,2
11/12,LaLiga,13,11/19/11,H,FC Barcelona,Real Zaragoza,CF,43,Right-footed shot,Cesc Fabregas,4,0,2,0
11/12,UEFA Champions League,Group Stage,11/23/11,A,FC Barcelona,AC Milan,SS,31,Penalty,,3,2,2,1
11/12,LaLiga,17,11/29/11,H,FC Barcelona,Rayo Vallecano,CF,49,Left-footed shot,Dani Alves,4,0,4,0
11/12,LaLiga,15,12/03/11,H,FC Barcelona,Levante UD,CF,55,Left-footed shot,Dani Alves,5,0,4,0
11/12,FIFA Club World Cup,Final,12/18/11,A,FC Barcelona,Santos FC,RW,17,Left-footed shot,Xavi,4,0,1,0
11/12,FIFA Club World Cup,Final,12/18/11,A,FC Barcelona,Santos FC,RW,82,Left-footed shot,Dani Alves,4,0,4,0
11/12,Copa del Rey,last 16,01/04/12,H,FC Barcelona,CA Osasuna,CF,71,Header,Cesc Fabregas,4,0,3,0
11/12,Copa del Rey,last 16,01/04/12,H,FC Barcelona,CA Osasuna,CF,90,Left-footed shot,Xavi,4,0,4,0
11/12,LaLiga,19,01/15/12,H,FC Barcelona,Real Betis Balompie,CF,12,Right-footed shot,Alexis Sanchez,4,2,2,0
11/12,LaLiga,19,01/15/12,H,FC Barcelona,Real Betis Balompie,CF,86,Penalty,,4,2,4,2
11/12,LaLiga,1,01/22/12,A,FC Barcelona,Málaga CF,CF,32,Header,Adriano,4,1,1,0
11/12,LaLiga,1,01/22/12,A,FC Barcelona,Málaga CF,CF,51,Left-footed shot,Thiago,4,1,3,0
11/12,LaLiga,1,01/22/12,A,FC Barcelona,Málaga CF,CF,77,Left-footed shot,Pedro,4,1,4,0
11/12,LaLiga,22,02/04/12,H,FC Barcelona,Real Sociedad,CF,72,Left-footed shot,Dani Alves,2,1,2,0
11/12,UEFA Champions League,last 16,02/14/12,A,FC Barcelona,Bayer 04 Leverkusen,CF,88,Left-footed shot,Dani Alves,3,1,3,1
11/12,LaLiga,24,02/19/12,H,FC Barcelona,Valencia CF,CF,21,Left-footed shot,,5,1,1,1
11/12,LaLiga,24,02/19/12,H,FC Barcelona,Valencia CF,CF,27,Tap-in,,5,1,2,1
11/12,LaLiga,24,02/19/12,H,FC Barcelona,Valencia CF,CF,75,Left-footed shot,Cristian Tello,5,1,3,1
11/12,LaLiga,24,02/19/12,H,FC Barcelona,Valencia CF,CF,84,Left-footed shot,Sergio Busquets,5,1,4,1
11/12,LaLiga,25,02/26/12,A,FC Barcelona,Atlético de Madrid,CF,79,Direct free kick,,2,1,2,1
11/12,UEFA Champions League,last 16,03/07/12,H,FC Barcelona,Bayer 04 Leverkusen,CF,25,Left-footed shot,Xavi,7,1,1,0
11/12,UEFA Champions League,last 16,03/07/12,H,FC Barcelona,Bayer 04 Leverkusen,CF,42,Left-footed shot,Andres Iniesta,7,1,2,0
11/12,UEFA Champions League,last 16,03/07/12,H,FC Barcelona,Bayer 04 Leverkusen,CF,50,Right-footed shot,Cesc Fabregas,7,1,3,0
11/12,UEFA Champions League,last 16,03/07/12,H,FC Barcelona,Bayer 04 Leverkusen,CF,58,Left-footed shot,,7,1,5,0
11/12,UEFA Champions League,last 16,03/07/12,H,FC Barcelona,Bayer 04 Leverkusen,CF,85,Left-footed shot,Seydou Keita,7,1,7,0
11/12,LaLiga,27,03/11/12,A,FC Barcelona,Racing Santander,CF,28,Left-footed shot,Cesc Fabregas,2,0,1,0
11/12,LaLiga,27,03/11/12,A,FC Barcelona,Racing Santander,CF,55,Penalty,,2,0,2,0
11/12,LaLiga,28,03/17/12,A,FC Barcelona,Sevilla FC,CF,25,Left-footed shot,Andres Iniesta,2,0,2,0
11/12,LaLiga,29,03/20/12,H,FC Barcelona,Granada CF,CF,16,Left-footed shot,Isaac Cuenca,5,3,2,0
11/12,LaLiga,29,03/20/12,H,FC Barcelona,Granada CF,CF,66,Left-footed shot,Dani Alves,5,3,3,2
11/12,LaLiga,29,03/20/12,H,FC Barcelona,Granada CF,CF,85,Left-footed shot,Dani Alves,5,3,5,2
11/12,LaLiga,30,03/24/12,A,FC Barcelona,RCD Mallorca,CF,25,Direct free kick,,2,0,1,0
11/12,LaLiga,31,03/31/12,H,FC Barcelona,Athletic Bilbao,CF,57,Penalty,,2,0,2,0
11/12,UEFA Champions League,Quarter-Finals,04/03/12,H,FC Barcelona,AC Milan,RW,11,Penalty,,3,1,1,0
11/12,UEFA Champions League,Quarter-Finals,04/03/12,H,FC Barcelona,AC Milan,RW,42,Penalty,,3,1,2,1
11/12,LaLiga,32,04/07/12,A,FC Barcelona,Real Zaragoza,CF,39,Left-footed shot,Alexis Sanchez,4,1,2,1
11/12,LaLiga,32,04/07/12,A,FC Barcelona,Real Zaragoza,CF,86,Penalty,,4,1,3,1
11/12,LaLiga,33,04/10/12,H,FC Barcelona,Getafe CF,CF,44,Left-footed shot,Andres Iniesta,4,0,2,0
11/12,LaLiga,34,04/14/12,A,FC Barcelona,Levante UD,CF,64,Left-footed shot,Alexis Sanchez,2,1,1,1
11/12,LaLiga,34,04/14/12,A,FC Barcelona,Levante UD,CF,73,Penalty,,2,1,2,1
11/12,LaLiga,36,04/29/12,A,FC Barcelona,Rayo Vallecano,CF,16,Left-footed shot,Pedro,7,0,1,0
11/12,LaLiga,36,04/29/12,A,FC Barcelona,Rayo Vallecano,CF,88,Left-footed shot,Pedro,7,0,7,0
11/12,LaLiga,20,05/02/12,H,FC Barcelona,Málaga CF,CF,34,Penalty,,4,1,2,1
11/12,LaLiga,20,05/02/12,H,FC Barcelona,Málaga CF,CF,60,Penalty,,4,1,3,1
11/12,LaLiga,20,05/02/12,H,FC Barcelona,Málaga CF,CF,63,Left-footed shot,Andres Iniesta,4,1,4,1
11/12,LaLiga,37,05/05/12,H,FC Barcelona,RCD Espanyol Barcelona,CF,11,Direct free kick,,4,0,1,0
11/12,LaLiga,37,05/05/12,H,FC Barcelona,RCD Espanyol Barcelona,CF,63,Penalty,,4,0,2,0
11/12,LaLiga,37,05/05/12,H,FC Barcelona,RCD Espanyol Barcelona,CF,73,Left-footed shot,Adriano,4,0,3,0
11/12,LaLiga,37,05/05/12,H,FC Barcelona,RCD Espanyol Barcelona,CF,78,Penalty,,4,0,4,0
11/12,Copa del Rey,Final,05/25/12,H,FC Barcelona,Athletic Bilbao,CF,20,Right-footed shot,Andres Iniesta,3,0,2,0
12/13,LaLiga,1,08/19/12,H,FC Barcelona,Real Sociedad,CF,10,Left-footed shot,Pedro,5,1,2,1
12/13,LaLiga,1,08/19/12,H,FC Barcelona,Real Sociedad,CF,15,Left-footed shot,Cristian Tello,5,1,3,1
12/13,Supercopa,Final,08/23/12,H,FC Barcelona,Real Madrid,CF,60,Penalty,,3,2,2,1
12/13,LaLiga,2,08/26/12,A,FC Barcelona,CA Osasuna,CF,74,Left-footed shot,Alexis Sanchez,2,1,1,1
12/13,LaLiga,2,08/26/12,A,FC Barcelona,CA Osasuna,CF,79,Left-footed shot,Jordi Alba,2,1,2,1
12/13,Supercopa,Final,08/29/12,A,FC Barcelona,Real Madrid,CF,45,Direct free kick,,1,2,1,2
12/13,LaLiga,4,09/15/12,A,FC Barcelona,Getafe CF,CF,74,Penalty,,4,1,2,0
12/13,LaLiga,4,09/15/12,A,FC Barcelona,Getafe CF,CF,78,Left-footed shot,Pedro,4,1,3,0
12/13,UEFA Champions League,Group Stage,09/19/12,H,FC Barcelona,Spartak Moscow,CF,71,Left-footed shot,Cristian Tello,3,2,2,2
12/13,UEFA Champions League,Group Stage,09/19/12,H,FC Barcelona,Spartak Moscow,CF,80,Header,Alexis Sanchez,3,2,3,2
12/13,LaLiga,7,10/07/12,H,FC Barcelona,Real Madrid,CF,31,Left-footed shot,,2,2,1,1
12/13,LaLiga,7,10/07/12,H,FC Barcelona,Real Madrid,CF,60,Direct free kick,,2,2,2,1
12/13,LaLiga,8,10/20/12,A,FC Barcelona,Deportivo de La Coruña,CF,17,Left-footed shot,Cesc Fabregas,5,4,3,0
12/13,LaLiga,8,10/20/12,A,FC Barcelona,Deportivo de La Coruña,CF,43,Left-footed shot,Cesc Fabregas,5,4,4,2
12/13,LaLiga,8,10/20/12,A,FC Barcelona,Deportivo de La Coruña,CF,76,Left-footed shot,Xavi,5,4,5,3
12/13,LaLiga,9,10/27/12,A,FC Barcelona,Rayo Vallecano,CF,48,Left-footed shot,Marta Montoya,5,0,2,0
12/13,LaLiga,9,10/27/12,A,FC Barcelona,Rayo Vallecano,CF,89,Right-footed shot,Cesc Fabregas,5,0,5,0
12/13,UEFA Champions League,Group Stage,11/07/12,A,FC Barcelona,Celtic FC,CF,91,Tap-in,,1,2,1,2
12/13,LaLiga,11,11/11/12,A,FC Barcelona,RCD Mallorca,CF,43,Left-footed shot,Sergio Busquets,4,2,2,0
12/13,LaLiga,11,11/11/12,A,FC Barcelona,RCD Mallorca,CF,70,Left-footed shot,Alexis Sanchez,4,2,4,2
12/13,LaLiga,12,11/17/12,H,FC Barcelona,Real Zaragoza,CF,15,Left-footed shot,Jordi Alba,3,1,1,0
12/13,LaLiga,12,11/17/12,H,FC Barcelona,Real Zaragoza,CF,60,Left-footed shot,Marta Montoya,3,1,3,1
12/13,UEFA Champions League,Group Stage,11/20/12,A,FC Barcelona,Spartak Moscow,CF,27,Right-footed shot,,3,0,2,0
12/13,UEFA Champions League,Group Stage,11/20/12,A,FC Barcelona,Spartak Moscow,CF,39,Left-footed shot,Pedro,3,0,3,0
12/13,LaLiga,13,11/25/12,A,FC Barcelona,Levante UD,CF,46,Left-footed shot,Andres Iniesta,4,0,1,0
12/13,LaLiga,13,11/25/12,A,FC Barcelona,Levante UD,CF,51,Left-footed shot,Andres Iniesta,4,0,2,0
12/13,LaLiga,14,12/01/12,H,FC Barcelona,Athletic Bilbao,CF,24,Left-footed shot,Xavi,5,1,2,0
12/13,LaLiga,14,12/01/12,H,FC Barcelona,Athletic Bilbao,CF,69,Right-footed shot,Pedro,5,1,5,1
12/13,LaLiga,15,12/09/12,A,FC Barcelona,Real Betis Balompie,CF,16,Left-footed shot,Andres Iniesta,2,1,1,0
12/13,LaLiga,15,12/09/12,A,FC Barcelona,Real Betis Balompie,CF,25,Left-footed shot,Andres Iniesta,2,1,2,0
12/13,Copa del Rey,last 16,12/12/12,A,FC Barcelona,Córdoba CF,CF,10,Left-footed shot,David Villa,2,0,1,0
12/13,Copa del Rey,last 16,12/12/12,A,FC Barcelona,Córdoba CF,CF,73,Left-footed shot,Alexis Sanchez,2,0,2,0
12/13,LaLiga,16,12/16/12,H,FC Barcelona,Atlético de Madrid,CF,58,Left-footed shot,Alexis Sanchez,4,1,3,1
12/13,LaLiga,16,12/16/12,H,FC Barcelona,Atlético de Madrid,CF,88,Left-footed shot,,4,1,4,1
12/13,LaLiga,17,12/22/12,A,FC Barcelona,Real Valladolid CF,CF,59,Left-footed shot,Xavi,3,1,2,0
12/13,LaLiga,18,01/06/13,H,FC Barcelona,RCD Espanyol Barcelona,CF,28,Penalty,,4,0,4,0
12/13,LaLiga,19,01/13/13,A,FC Barcelona,Málaga CF,CF,26,Right-footed shot,,3,1,1,0
12/13,Copa del Rey,Quarter-Finals,01/16/13,H,FC Barcelona,Málaga CF,CF,29,Left-footed shot,,2,2,1,1
12/13,LaLiga,20,01/19/13,A,FC Barcelona,Real Sociedad,CF,6,Left-footed shot,Andres Iniesta,2,3,1,0
12/13,Copa del Rey,Quarter-Finals,01/24/13,A,FC Barcelona,Málaga CF,CF,79,Header,Dani Alves,4,2,4,2
12/13,LaLiga,21,01/27/13,H,FC Barcelona,CA Osasuna,CF,11,Right-footed shot,Xavi,5,1,1,0
12/13,LaLiga,21,01/27/13,H,FC Barcelona,CA Osasuna,CF,28,Penalty,,5,1,2,1
12/13,LaLiga,21,01/27/13,H,FC Barcelona,CA Osasuna,CF,56,Left-footed shot,David Villa,5,1,4,1
12/13,LaLiga,21,01/27/13,H,FC Barcelona,CA Osasuna,CF,58,Left-footed shot,Adriano,5,1,5,1
12/13,LaLiga,22,02/03/13,A,FC Barcelona,Valencia CF,CF,39,Penalty,,1,1,1,1
12/13,LaLiga,23,02/10/13,H,FC Barcelona,Getafe CF,CF,13,Left-footed shot,Thiago,6,1,2,0
12/13,LaLiga,24,02/16/13,A,FC Barcelona,Granada CF,CF,49,Left-footed shot,,2,1,1,1
12/13,LaLiga,24,02/16/13,A,FC Barcelona,Granada CF,CF,72,Direct free kick,,2,1,2,1
12/13,LaLiga,25,02/23/13,H,FC Barcelona,Sevilla FC,CF,60,Left-footed shot,Cristian Tello,2,1,2,1
12/13,LaLiga,26,03/02/13,A,FC Barcelona,Real Madrid,CF,18,Left-footed shot,Dani Alves,1,2,1,1
12/13,LaLiga,27,03/09/13,H,FC Barcelona,Deportivo de La Coruña,CF,88,Left-footed shot,Alexis Sanchez,2,0,2,0
12/13,UEFA Champions League,last 16,03/12/13,H,FC Barcelona,AC Milan,CF,5,Left-footed shot,Xavi,4,0,1,0
12/13,UEFA Champions League,last 16,03/12/13,H,FC Barcelona,AC Milan,CF,40,Left-footed shot,Andres Iniesta,4,0,2,0
12/13,LaLiga,28,03/17/13,H,FC Barcelona,Rayo Vallecano,CF,40,Left-footed shot,David Villa,3,1,2,0
12/13,LaLiga,28,03/17/13,H,FC Barcelona,Rayo Vallecano,CF,57,Left-footed shot,David Villa,3,1,3,0
12/13,LaLiga,29,03/30/13,A,FC Barcelona,Celta de Vigo,CF,73,Left-footed shot,Cristian Tello,2,2,2,1
12/13,UEFA Champions League,Quarter-Finals,04/02/13,A,FC Barcelona,Paris Saint-Germain,CF,38,Left-footed shot,Dani Alves,2,2,1,0
12/13,LaLiga,33,04/27/13,A,FC Barcelona,Athletic Bilbao,CF,67,Left-footed shot,Thiago,2,2,1,1
12/13,LaLiga,34,05/05/13,H,FC Barcelona,Real Betis Balompie,CF,60,Direct free kick,,4,2,3,2
12/13,LaLiga,34,05/05/13,H,FC Barcelona,Real Betis Balompie,CF,71,Left-footed shot,Alexis Sanchez,4,2,4,2
13/14,LaLiga,1,08/18/13,H,FC Barcelona,Levante UD,CF,13,Left-footed shot,Pedro,7,0,2,0
13/14,LaLiga,1,08/18/13,H,FC Barcelona,Levante UD,CF,42,Penalty,,7,0,5,0
13/14,LaLiga,3,09/01/13,A,FC Barcelona,Valencia CF,CF,11,Left-footed shot,Cesc Fabregas,3,2,1,0
13/14,LaLiga,3,09/01/13,A,FC Barcelona,Valencia CF,CF,39,Right-footed shot,Cesc Fabregas,3,2,2,0
13/14,LaLiga,3,09/01/13,A,FC Barcelona,Valencia CF,CF,41,Left-footed shot,Neymar,3,2,3,0
13/14,LaLiga,4,09/14/13,H,FC Barcelona,Sevilla FC,CF,75,Left-footed shot,Neymar,3,2,2,0
13/14,UEFA Champions League,Group Stage,09/18/13,H,FC Barcelona,Ajax Amsterdam,CF,22,Direct free kick,,4,0,1,0
13/14,UEFA Champions League,Group Stage,09/18/13,H,FC Barcelona,Ajax Amsterdam,CF,55,Left-footed shot,Sergio Busquets,4,0,2,0
13/14,UEFA Champions League,Group Stage,09/18/13,H,FC Barcelona,Ajax Amsterdam,CF,75,Left-footed shot,Xavi,4,0,4,0
13/14,LaLiga,6,09/24/13,H,FC Barcelona,Real Sociedad,CF,8,Header,Neymar,4,1,2,0
13/14,LaLiga,7,09/28/13,A,FC Barcelona,UD Almera,CF,21,Left-footed shot,Pedro,2,0,1,0
13/14,UEFA Champions League,Group Stage,10/22/13,A,FC Barcelona,AC Milan,CF,23,Left-footed shot,Andres Iniesta,1,1,1,1
13/14,UEFA Champions League,Group Stage,11/06/13,H,FC Barcelona,AC Milan,CF,30,Penalty,,3,1,1,0
13/14,UEFA Champions League,Group Stage,11/06/13,H,FC Barcelona,AC Milan,CF,83,Left-footed shot,Cesc Fabregas,3,1,3,1
13/14,Copa del Rey,last 16,01/08/14,H,FC Barcelona,Getafe CF,CF,90,Left-footed shot,Marta Montoya,4,0,3,0
13/14,Copa del Rey,last 16,01/08/14,H,FC Barcelona,Getafe CF,CF,92,Left-footed shot,Alex Song,4,0,4,0
13/14,Copa del Rey,last 16,01/16/14,A,FC Barcelona,Getafe CF,CF,43,Right-footed shot,Cristian Tello,2,0,1,0
13/14,Copa del Rey,last 16,01/16/14,A,FC Barcelona,Getafe CF,CF,63,Left-footed shot,,2,0,2,0
13/14,LaLiga,22,02/01/14,H,FC Barcelona,Valencia CF,CF,54,Penalty,,2,3,2,2
13/14,LaLiga,23,02/09/14,A,FC Barcelona,Sevilla FC,CF,44,Left-footed shot,Pedro,4,1,2,1
13/14,LaLiga,23,02/09/14,A,FC Barcelona,Sevilla FC,CF,56,Left-footed shot,Andres Iniesta,4,1,3,1
13/14,Copa del Rey,Semi-Finals,02/12/14,A,FC Barcelona,Real Sociedad,CF,26,Solo run,,1,1,1,0
13/14,LaLiga,24,02/15/14,H,FC Barcelona,Rayo Vallecano,CF,36,Left-footed shot,Cesc Fabregas,6,0,2,0
13/14,LaLiga,24,02/15/14,H,FC Barcelona,Rayo Vallecano,CF,68,Left-footed shot,Alexis Sanchez,6,0,5,0
13/14,UEFA Champions League,last 16,02/18/14,A,FC Barcelona,Manchester City,CF,54,Penalty,,2,0,1,0
13/14,LaLiga,25,02/22/14,A,FC Barcelona,Real Sociedad,CF,36,Left-footed shot,Marta Montoya,1,3,1,1
13/14,LaLiga,26,03/02/14,H,FC Barcelona,UD Almera,CF,24,Direct free kick,,4,1,2,0
13/14,UEFA Champions League,last 16,03/12/14,H,FC Barcelona,Manchester City,CF,67,Left-footed shot,,2,1,1,0
13/14,LaLiga,28,03/16/14,H,FC Barcelona,CA Osasuna,CF,18,Left-footed shot,Alexis Sanchez,7,0,1,0
13/14,LaLiga,28,03/16/14,H,FC Barcelona,CA Osasuna,CF,63,Left-footed shot,Andres Iniesta,7,0,4,0
13/14,LaLiga,28,03/16/14,H,FC Barcelona,CA Osasuna,CF,88,Right-footed shot,Dani Alves,7,0,6,0
13/14,LaLiga,29,03/23/14,A,FC Barcelona,Real Madrid,CF,42,Left-footed shot,Neymar,4,3,2,2
13/14,LaLiga,29,03/23/14,A,FC Barcelona,Real Madrid,CF,65,Penalty,,4,3,3,3
13/14,LaLiga,29,03/23/14,A,FC Barcelona,Real Madrid,CF,84,Penalty,,4,3,4,3
13/14,LaLiga,30,03/26/14,H,FC Barcelona,Celta de Vigo,CF,30,Right-footed shot,Andres Iniesta,3,0,2,0
13/14,LaLiga,31,03/29/14,A,FC Barcelona,RCD Espanyol Barcelona,CF,77,Penalty,,1,0,1,0
13/14,LaLiga,32,04/05/14,H,FC Barcelona,Real Betis Balompie,CF,15,Penalty,,3,1,1,0
13/14,LaLiga,32,04/05/14,H,FC Barcelona,Real Betis Balompie,CF,86,Penalty rebound,Antonio A05a,3,1,3,1
13/14,LaLiga,34,04/20/14,H,FC Barcelona,Athletic Bilbao,CF,74,Direct free kick,,2,1,2,1
13/14,LaLiga,35,04/27/14,A,FC Barcelona,Villarreal CF,CF,83,Right-footed shot,Cesc Fabregas,3,2,3,2
13/14,LaLiga,36,05/03/14,H,FC Barcelona,Getafe CF,CF,23,Left-footed shot,Dani Alves,2,2,1,0
14/15,LaLiga,1,08/24/14,H,FC Barcelona,Elche CF,CF,42,Left-footed shot,Sergio Busquets,3,0,1,0
14/15,LaLiga,1,08/24/14,H,FC Barcelona,Elche CF,CF,64,Left-footed shot,,3,0,3,0
14/15,LaLiga,4,09/21/14,A,FC Barcelona,Levante UD,CF,77,Right-footed shot,,5,0,5,0
14/15,LaLiga,6,09/27/14,H,FC Barcelona,Granada CF,CF,62,Header,Dani Alves,6,0,4,0
14/15,LaLiga,6,09/27/14,H,FC Barcelona,Granada CF,CF,82,Right-footed shot,,6,0,6,0
14/15,UEFA Champions League,Group Stage,09/30/14,A,FC Barcelona,Paris Saint-Germain,RW,12,Left-footed shot,Andres Iniesta,2,3,1,1
14/15,LaLiga,7,10/04/14,A,FC Barcelona,Rayo Vallecano,CF,35,Left-footed shot,Gerard Pique,2,0,1,0
14/15,LaLiga,8,10/18/14,H,FC Barcelona,SD Eibar,CF,74,Left-footed shot,Neymar,3,0,3,0
14/15,UEFA Champions League,Group Stage,10/21/14,H,FC Barcelona,Ajax Amsterdam,CF,24,Left-footed shot,Andres Iniesta,3,1,2,0
14/15,UEFA Champions League,Group Stage,11/05/14,A,FC Barcelona,Ajax Amsterdam,RW,36,Header,Marc Bartra,2,0,1,0
14/15,UEFA Champions League,Group Stage,11/05/14,A,FC Barcelona,Ajax Amsterdam,RW,76,Left-footed shot,Pedro,2,0,2,0
14/15,LaLiga,12,11/22/14,H,FC Barcelona,Sevilla FC,RW,21,Direct free kick,,5,1,1,0
14/15,LaLiga,12,11/22/14,H,FC Barcelona,Sevilla FC,RW,73,Tap-in,Neymar,5,1,4,1
14/15,LaLiga,12,11/22/14,H,FC Barcelona,Sevilla FC,RW,78,Left-footed shot,Neymar,5,1,5,1
14/15,UEFA Champions League,Group Stage,11/25/14,A,FC Barcelona,APOEL Nicosia,CF,38,Right-footed shot,Rafinha,4,0,2,0
14/15,UEFA Champions League,Group Stage,11/25/14,A,FC Barcelona,APOEL Nicosia,CF,58,Right-footed shot,Dani Alves,4,0,3,0
14/15,UEFA Champions League,Group Stage,11/25/14,A,FC Barcelona,APOEL Nicosia,CF,87,Right-footed shot,Pedro,4,0,4,0
14/15,LaLiga,14,12/07/14,H,FC Barcelona,RCD Espanyol Barcelona,RW,46,Left-footed shot,Xavi,5,1,1,1
14/15,LaLiga,14,12/07/14,H,FC Barcelona,RCD Espanyol Barcelona,RW,50,Right-footed shot,Luis Suarez,5,1,2,1
14/15,LaLiga,14,12/07/14,H,FC Barcelona,RCD Espanyol Barcelona,RW,81,Right-footed shot,Pedro,5,1,5,1
14/15,UEFA Champions League,Group Stage,12/10/14,H,FC Barcelona,Paris Saint-Germain,AM,19,Right-footed shot,Luis Suarez,3,1,1,1
14/15,LaLiga,16,12/20/14,H,FC Barcelona,Córdoba CF,RW,82,Right-footed shot,,5,0,4,0
14/15,LaLiga,16,12/20/14,H,FC Barcelona,Córdoba CF,RW,90,Right-footed shot,,5,0,5,0
14/15,Copa del Rey,last 16,01/08/15,H,FC Barcelona,Elche CF,RW,45,Penalty,,5,0,3,0
14/15,LaLiga,18,01/11/15,H,FC Barcelona,Atlético de Madrid,RW,87,Left-footed shot,,3,1,3,1
14/15,LaLiga,19,01/18/15,A,FC Barcelona,Deportivo de La Coruña,RW,11,Header,Ivan Rakitic,4,0,1,0
14/15,LaLiga,19,01/18/15,A,FC Barcelona,Deportivo de La Coruña,RW,33,Left-footed shot,Luis Suarez,4,0,2,0
14/15,LaLiga,19,01/18/15,A,FC Barcelona,Deportivo de La Coruña,RW,62,Left-footed shot,Ivan Rakitic,4,0,3,0
14/15,Copa del Rey,Quarter-Finals,01/21/15,H,FC Barcelona,Atlético de Madrid,RW,85,Penalty rebound,,1,0,1,0
14/15,LaLiga,20,01/24/15,A,FC Barcelona,Elche CF,CF,55,Penalty,,6,0,2,0
14/15,LaLiga,20,01/24/15,A,FC Barcelona,Elche CF,CF,88,Left-footed shot,Marc Bartra,6,0,5,0
14/15,LaLiga,21,02/01/15,H,FC Barcelona,Villarreal CF,RW,55,Right-footed shot,Luis Suarez,3,2,3,2
14/15,LaLiga,22,02/08/15,A,FC Barcelona,Athletic Bilbao,RW,15,Direct free kick,,5,2,1,0
14/15,Copa del Rey,Semi-Finals,02/11/15,H,FC Barcelona,Villarreal CF,RW,41,Left-footed shot,Luis Suarez,3,1,1,0
14/15,LaLiga,23,02/15/15,H,FC Barcelona,Levante UD,CF,38,Right-footed shot,Marc Bartra,5,0,2,0
14/15,LaLiga,23,02/15/15,H,FC Barcelona,Levante UD,CF,59,Right-footed shot,Pedro,5,0,3,0
14/15,LaLiga,23,02/15/15,H,FC Barcelona,Levante UD,CF,65,Penalty,,5,0,4,0
14/15,LaLiga,25,02/28/15,A,FC Barcelona,Granada CF,RW,70,Right-footed shot,Luis Suarez,3,1,3,1
14/15,LaLiga,26,03/08/15,H,FC Barcelona,Rayo Vallecano,RW,56,Penalty,,6,1,3,0
14/15,LaLiga,26,03/08/15,H,FC Barcelona,Rayo Vallecano,RW,63,Tap-in,,6,1,4,0
14/15,LaLiga,26,03/08/15,H,FC Barcelona,Rayo Vallecano,RW,68,Left-footed shot,Pedro,6,1,5,0
14/15,LaLiga,27,03/14/15,A,FC Barcelona,SD Eibar,RW,31,Penalty,,2,0,1,0
14/15,LaLiga,27,03/14/15,A,FC Barcelona,SD Eibar,RW,55,Header,Ivan Rakitic,2,0,2,0
14/15,LaLiga,30,04/08/15,H,FC Barcelona,UD Almera,RW,33,Left-footed shot,Marc Bartra,4,0,1,0
14/15,LaLiga,31,04/11/15,A,FC Barcelona,Sevilla FC,RW,15,Left-footed shot,Neymar,2,2,1,0
14/15,LaLiga,32,04/18/15,H,FC Barcelona,Valencia CF,RW,94,Left-footed shot,,2,0,2,0
14/15,LaLiga,33,04/25/15,A,FC Barcelona,RCD Espanyol Barcelona,RW,25,Left-footed shot,Luis Suarez,2,0,2,0
14/15,LaLiga,34,04/28/15,H,FC Barcelona,Getafe CF,RW,9,Penalty,,6,0,1,0
14/15,LaLiga,34,04/28/15,H,FC Barcelona,Getafe CF,RW,47,Left-footed shot,Luis Suarez,6,0,6,0
14/15,LaLiga,35,05/02/15,A,FC Barcelona,Córdoba CF,RW,47,Header,Dani Alves,8,0,3,0
14/15,LaLiga,35,05/02/15,A,FC Barcelona,Córdoba CF,RW,80,Left-footed shot,Luis Suarez,8,0,6,0
14/15,UEFA Champions League,Semi-Finals,05/06/15,H,FC Barcelona,Bayern Munich,RW,77,Left-footed shot,Dani Alves,3,0,1,0
14/15,UEFA Champions League,Semi-Finals,05/06/15,H,FC Barcelona,Bayern Munich,RW,80,Right-footed shot,Ivan Rakitic,3,0,2,0
14/15,LaLiga,37,05/17/15,A,FC Barcelona,Atlético de Madrid,RW,65,Left-footed shot,Pedro,1,0,1,0
14/15,LaLiga,38,05/23/15,H,FC Barcelona,Deportivo de La Coruña,RW,5,Header,Rafinha,2,2,1,0
14/15,LaLiga,38,05/23/15,H,FC Barcelona,Deportivo de La Coruña,RW,59,Right-footed shot,Neymar,2,2,2,0
14/15,Copa del Rey,Final,05/30/15,A,FC Barcelona,Athletic Bilbao,RW,20,Solo run,,3,1,1,0
14/15,Copa del Rey,Final,05/30/15,A,FC Barcelona,Athletic Bilbao,RW,74,Left-footed shot,Dani Alves,3,1,3,0
15/16,UEFA Super Cup,Final,08/11/15,H,FC Barcelona,Sevilla FC,RW,7,Direct free kick,,5,T,1,1
15/16,UEFA Super Cup,Final,08/11/15,H,FC Barcelona,Sevilla FC,RW,16,Direct free kick,,5,T,2,1
15/16,Supercopa,Final,08/17/15,H,FC Barcelona,Athletic Bilbao,RW,43,Left-footed shot,Luis Suarez,1,1,1,0
15/16,LaLiga,3,09/12/15,A,FC Barcelona,Atlético de Madrid,RW,77,Left-footed shot,Luis Suarez,2,1,2,1
15/16,LaLiga,4,09/20/15,H,FC Barcelona,Levante UD,AM,61,Penalty,,4,1,3,0
15/16,LaLiga,4,09/20/15,H,FC Barcelona,Levante UD,AM,90,Left-footed shot,Marc Bartra,4,1,4,1
15/16,UEFA Champions League,Group Stage,11/24/15,H,FC Barcelona,AS Roma,RW,18,Left-footed shot,Luis Suarez,6,1,2,0
15/16,UEFA Champions League,Group Stage,11/24/15,H,FC Barcelona,AS Roma,RW,60,Tap-in,,6,1,5,0
15/16,LaLiga,13,11/28/15,H,FC Barcelona,Real Sociedad,RW,91,Left-footed shot,Neymar,4,0,4,0
15/16,UEFA Champions League,Group Stage,12/09/15,A,FC Barcelona,Bayer 04 Leverkusen,CF,20,Right-footed shot,Ivan Rakitic,1,1,1,0
15/16,LaLiga,15,12/12/15,H,FC Barcelona,Deportivo de La Coruña,RW,39,Direct free kick,,2,2,1,0
15/16,FIFA Club World Cup,Final,12/20/15,A,FC Barcelona,CA River Plate,RW,36,Left-footed shot,Neymar,3,0,1,0
15/16,LaLiga,17,12/30/15,H,FC Barcelona,Real Betis Balompie,RW,33,Right-footed shot,Neymar,4,0,2,0
15/16,Copa del Rey,last 16,01/06/16,H,FC Barcelona,RCD Espanyol Barcelona,RW,13,Left-footed shot,Andres Iniesta,4,1,1,1
15/16,Copa del Rey,last 16,01/06/16,H,FC Barcelona,RCD Espanyol Barcelona,RW,44,Direct free kick,,4,1,2,1
15/16,LaLiga,19,01/09/16,H,FC Barcelona,Granada CF,RW,8,Left-footed shot,Arda Turan,4,0,1,0
15/16,LaLiga,19,01/09/16,H,FC Barcelona,Granada CF,RW,14,Left-footed shot,Luis Suarez,4,0,2,0
15/16,LaLiga,19,01/09/16,H,FC Barcelona,Granada CF,RW,58,Tap-in,,4,0,3,0
15/16,LaLiga,20,01/17/16,H,FC Barcelona,Athletic Bilbao,RW,7,Penalty,,6,0,1,0
15/16,LaLiga,21,01/23/16,A,FC Barcelona,Málaga CF,RW,51,Left-footed shot,Adriano,2,1,2,1
15/16,LaLiga,22,01/30/16,H,FC Barcelona,Atlético de Madrid,RW,30,Left-footed shot,Jordi Alba,2,1,1,1
15/16,Copa del Rey,Semi-Finals,02/03/16,H,FC Barcelona,Valencia CF,RW,29,Left-footed shot,Neymar,7,0,3,0
15/16,Copa del Rey,Semi-Finals,02/03/16,H,FC Barcelona,Valencia CF,RW,59,Left-footed shot,Luis Suarez,7,0,4,0
15/16,Copa del Rey,Semi-Finals,02/03/16,H,FC Barcelona,Valencia CF,RW,74,Left-footed shot,,7,0,5,0
15/16,LaLiga,24,02/14/16,H,FC Barcelona,Celta de Vigo,RW,28,Direct free kick,,6,1,1,0
15/16,LaLiga,16,02/17/16,A,FC Barcelona,Sporting de Gijón,RW,25,Left-footed shot,Luis Suarez,3,1,1,0
15/16,LaLiga,16,02/17/16,A,FC Barcelona,Sporting de Gijón,RW,31,Left-footed shot,Luis Suarez,3,1,2,1
15/16,UEFA Champions League,last 16,02/23/16,A,FC Barcelona,Arsenal FC,RW,71,Left-footed shot,Neymar,2,0,1,0
15/16,UEFA Champions League,last 16,02/23/16,A,FC Barcelona,Arsenal FC,RW,83,Penalty,,2,0,2,0
15/16,LaLiga,26,02/28/16,H,FC Barcelona,Sevilla FC,RW,31,Direct free kick,,2,1,1,1
15/16,LaLiga,27,03/03/16,A,FC Barcelona,Rayo Vallecano,RW,23,Left-footed shot,Neymar,5,1,2,0
15/16,LaLiga,27,03/03/16,A,FC Barcelona,Rayo Vallecano,RW,53,Left-footed shot,,5,1,3,0
15/16,LaLiga,27,03/03/16,A,FC Barcelona,Rayo Vallecano,RW,72,Left-footed shot,Sergio Busquets,5,1,4,1
15/16,LaLiga,28,03/06/16,A,FC Barcelona,SD Eibar,RW,42,Left-footed shot,Munir El Haddadi,4,0,2,0
15/16,LaLiga,28,03/06/16,A,FC Barcelona,SD Eibar,RW,76,Penalty,,4,0,3,0
15/16,LaLiga,29,03/12/16,H,FC Barcelona,Getafe CF,CF,41,Left-footed shot,Arda Turan,6,0,4,0
15/16,UEFA Champions League,last 16,03/16/16,H,FC Barcelona,Arsenal FC,RW,86,Left-footed shot,Neymar,3,1,3,1
15/16,LaLiga,33,04/17/16,H,FC Barcelona,Valencia CF,RW,63,Left-footed shot,Jordi Alba,1,2,1,2
15/16,LaLiga,34,04/20/16,A,FC Barcelona,Deportivo de La Coruña,RW,73,Left-footed shot,Luis Suarez,8,0,6,0
15/16,LaLiga,35,04/23/16,H,FC Barcelona,Sporting de Gijón,RW,13,Header,,6,0,1,0
15/16,LaLiga,37,05/08/16,H,FC Barcelona,RCD Espanyol Barcelona,RW,8,Direct free kick,,5,0,1,0
16/17,Supercopa,Final,08/17/16,H,FC Barcelona,Sevilla FC,RW,55,Header,Lucas Digne,3,0,3,0
16/17,LaLiga,1,08/20/16,H,FC Barcelona,Real Betis Balompie,RW,37,Left-footed shot,Sergi Roberto,6,2,2,1
16/17,LaLiga,1,08/20/16,H,FC Barcelona,Real Betis Balompie,RW,58,Left-footed shot,Arda Turan,6,2,5,1
16/17,UEFA Champions League,Group Stage,09/13/16,H,FC Barcelona,Celtic FC,RW,3,Left-footed shot,Neymar,7,0,1,0
16/17,UEFA Champions League,Group Stage,09/13/16,H,FC Barcelona,Celtic FC,RW,27,Left-footed shot,Neymar,7,0,2,0
16/17,UEFA Champions League,Group Stage,09/13/16,H,FC Barcelona,Celtic FC,RW,60,Left-footed shot,Luis Suarez,7,0,5,0
16/17,LaLiga,4,09/17/16,A,FC Barcelona,CD Leganes,RW,15,Left-footed shot,Luis Suarez,5,1,1,0
16/17,LaLiga,4,09/17/16,A,FC Barcelona,CD Leganes,RW,55,Penalty,,5,1,4,0
16/17,LaLiga,8,10/15/16,H,FC Barcelona,Deportivo de La Coruña,RW,58,Left-footed shot,Neymar,4,0,4,0
16/17,UEFA Champions League,Group Stage,10/19/16,H,FC Barcelona,Manchester City,RW,17,Left-footed shot,Andres Iniesta,4,0,1,0
16/17,UEFA Champions League,Group Stage,10/19/16,H,FC Barcelona,Manchester City,RW,61,Left-footed shot,Andres Iniesta,4,0,2,0
16/17,UEFA Champions League,Group Stage,10/19/16,H,FC Barcelona,Manchester City,RW,69,Left-footed shot,Luis Suarez,4,0,3,0
16/17,LaLiga,9,10/22/16,A,FC Barcelona,Valencia CF,RW,22,Left-footed shot,Ivan Rakitic,3,2,1,0
16/17,LaLiga,9,10/22/16,A,FC Barcelona,Valencia CF,RW,94,Penalty,,3,2,3,2
16/17,UEFA Champions League,Group Stage,11/01/16,A,FC Barcelona,Manchester City,RW,21,Left-footed shot,Neymar,1,3,1,0
16/17,LaLiga,11,11/06/16,A,FC Barcelona,Sevilla FC,RW,43,Left-footed shot,Neymar,2,1,1,1
16/17,UEFA Champions League,Group Stage,11/23/16,A,FC Barcelona,Celtic FC,RW,24,Left-footed shot,Neymar,2,0,1,0
16/17,UEFA Champions League,Group Stage,11/23/16,A,FC Barcelona,Celtic FC,RW,55,Penalty,,2,0,2,0
16/17,LaLiga,13,11/27/16,A,FC Barcelona,Real Sociedad,RW,59,Left-footed shot,Neymar,1,1,1,1
16/17,UEFA Champions League,Group Stage,12/06/16,H,FC Barcelona,Borussia Mönchengladbach,RW,16,Left-footed shot,Arda Turan,4,0,1,0
16/17,LaLiga,15,12/10/16,A,FC Barcelona,CA Osasuna,RW,72,Left-footed shot,Jordi Alba,3,0,2,0
16/17,LaLiga,15,12/10/16,A,FC Barcelona,CA Osasuna,RW,92,Left-footed shot,Sergio Busquets,3,0,3,0
16/17,LaLiga,16,12/18/16,H,FC Barcelona,RCD Espanyol Barcelona,RW,90,Left-footed shot,Luis Suarez,4,1,4,1
16/17,Copa del Rey,last 16,01/05/17,A,FC Barcelona,Athletic Bilbao,RW,52,Direct free kick,,1,2,1,2
16/17,LaLiga,17,01/08/17,A,FC Barcelona,Villarreal CF,RW,90,Direct free kick,,1,1,1,1
16/17,Copa del Rey,last 16,01/11/17,H,FC Barcelona,Athletic Bilbao,RW,78,Direct free kick,,3,1,3,1
16/17,LaLiga,18,01/14/17,H,FC Barcelona,UD Las Palmas,RW,52,Right-footed shot,,5,0,2,0
16/17,LaLiga,19,01/22/17,A,FC Barcelona,SD Eibar,RW,50,Left-footed shot,Luis Suarez,4,0,2,0
16/17,Copa del Rey,Quarter-Finals,01/26/17,H,FC Barcelona,Real Sociedad,RW,55,Penalty,,5,2,2,0
16/17,Copa del Rey,Semi-Finals,02/01/17,A,FC Barcelona,Atlético de Madrid,RW,33,Left-footed shot,Ivan Rakitic,2,1,2,0
16/17,LaLiga,21,02/04/17,H,FC Barcelona,Athletic Bilbao,RW,40,Direct free kick,,3,0,2,0
16/17,LaLiga,22,02/11/17,A,FC Barcelona,Deportivo Alaves,RW,59,Left-footed shot,Neymar,6,0,3,0
16/17,LaLiga,23,02/19/17,H,FC Barcelona,CD Leganes,RW,4,Right-footed shot,Luis Suarez,2,1,1,0
16/17,LaLiga,23,02/19/17,H,FC Barcelona,CD Leganes,RW,90,Penalty,,2,1,2,1
16/17,LaLiga,24,02/26/17,A,FC Barcelona,Atlético de Madrid,RW,86,Left-footed shot,,2,1,2,1
16/17,LaLiga,25,03/01/17,H,FC Barcelona,Sporting de Gijón,RW,9,Header,Javier Mascherano,6,1,1,0
16/17,LaLiga,26,03/04/17,H,FC Barcelona,Celta de Vigo,AM,24,Left-footed shot,Sergio Busquets,5,0,1,0
16/17,LaLiga,26,03/04/17,H,FC Barcelona,Celta de Vigo,AM,64,Left-footed shot,,5,0,5,0
16/17,UEFA Champions League,last 16,03/08/17,H,FC Barcelona,Paris Saint-Germain,AM,50,Penalty,,6,1,3,0
16/17,LaLiga,28,03/19/17,H,FC Barcelona,Valencia CF,AM,45,Penalty,,4,2,2,1
16/17,LaLiga,28,03/19/17,H,FC Barcelona,Valencia CF,AM,53,Right-footed shot,Javier Mascherano,4,2,3,2
16/17,LaLiga,30,04/05/17,H,FC Barcelona,Sevilla FC,RW,28,Right-footed shot,Luis Suarez,3,0,2,0
16/17,LaLiga,30,04/05/17,H,FC Barcelona,Sevilla FC,RW,33,Left-footed shot,,3,0,3,0
16/17,LaLiga,32,04/15/17,H,FC Barcelona,Real Sociedad,RW,17,Left-footed shot,Luis Suarez,3,2,1,0
16/17,LaLiga,32,04/15/17,H,FC Barcelona,Real Sociedad,RW,37,Tap-in,,3,2,2,0
16/17,LaLiga,33,04/23/17,A,FC Barcelona,Real Madrid,RW,33,Left-footed shot,Ivan Rakitic,3,2,1,1
16/17,LaLiga,33,04/23/17,A,FC Barcelona,Real Madrid,RW,92,Left-footed shot,Jordi Alba,3,2,3,2
16/17,LaLiga,34,04/26/17,H,FC Barcelona,CA Osasuna,AM,12,Left-footed shot,,7,1,1,0
16/17,LaLiga,34,04/26/17,H,FC Barcelona,CA Osasuna,AM,61,Left-footed shot,Ivan Rakitic,7,1,4,1
16/17,LaLiga,36,05/06/17,H,FC Barcelona,Villarreal CF,RW,45,Left-footed shot,Sergio Busquets,4,1,2,1
16/17,LaLiga,36,05/06/17,H,FC Barcelona,Villarreal CF,RW,82,Penalty,,4,1,4,1
16/17,LaLiga,38,05/21/17,H,FC Barcelona,SD Eibar,RW,75,Penalty,,4,2,3,2
16/17,LaLiga,38,05/21/17,H,FC Barcelona,SD Eibar,RW,92,Right-footed shot,,4,2,4,2
16/17,Copa del Rey,Final,05/27/17,H,FC Barcelona,Deportivo Alaves,RW,30,Left-footed shot,Neymar,3,1,1,0
17/18,Supercopa,Final,08/13/17,H,FC Barcelona,Real Madrid,RW,77,Penalty,,1,3,1,1
17/18,LaLiga,2,08/26/17,A,FC Barcelona,Deportivo Alaves,CF,55,Left-footed shot,Jordi Alba,2,0,1,0
17/18,LaLiga,2,08/26/17,A,FC Barcelona,Deportivo Alaves,CF,66,Left-footed shot,Paco Alcacer,2,0,2,0
17/18,LaLiga,3,09/09/17,H,FC Barcelona,RCD Espanyol Barcelona,CF,26,Left-footed shot,Ivan Rakitic,5,0,1,0
17/18,LaLiga,3,09/09/17,H,FC Barcelona,RCD Espanyol Barcelona,CF,35,Right-footed shot,Jordi Alba,5,0,2,0
17/18,LaLiga,3,09/09/17,H,FC Barcelona,RCD Espanyol Barcelona,CF,67,Left-footed shot,Jordi Alba,5,0,3,0
17/18,UEFA Champions League,Group Stage,09/12/17,H,FC Barcelona,Juventus FC,CF,45,Left-footed shot,Luis Suarez,3,0,1,0
17/18,UEFA Champions League,Group Stage,09/12/17,H,FC Barcelona,Juventus FC,CF,69,Left-footed shot,,3,0,3,0
17/18,LaLiga,5,09/19/17,H,FC Barcelona,SD Eibar,CF,21,Penalty,,6,1,1,0
17/18,LaLiga,5,09/19/17,H,FC Barcelona,SD Eibar,CF,59,Left-footed shot,Sergio Busquets,6,1,4,1
17/18,LaLiga,5,09/19/17,H,FC Barcelona,SD Eibar,CF,62,Left-footed shot,Paulinho,6,1,5,1
17/18,LaLiga,5,09/19/17,H,FC Barcelona,SD Eibar,CF,87,Left-footed shot,Aleix Vidal,6,1,6,1
17/18,LaLiga,7,10/01/17,H,FC Barcelona,UD Las Palmas,SS,70,Left-footed shot,Denis Suarez,3,0,2,0
17/18,LaLiga,7,10/01/17,H,FC Barcelona,UD Las Palmas,SS,77,Left-footed shot,Luis Suarez,3,0,3,0
17/18,UEFA Champions League,Group Stage,10/18/17,H,FC Barcelona,Olympiacos Piraeus,CF,61,Direct free kick,,3,1,2,0
17/18,LaLiga,10,10/28/17,A,FC Barcelona,Athletic Bilbao,SS,37,Left-footed shot,Jordi Alba,2,0,1,0
17/18,LaLiga,14,12/02/17,H,FC Barcelona,Celta de Vigo,SS,22,Left-footed shot,Paulinho,2,2,1,1
17/18,LaLiga,15,12/10/17,A,FC Barcelona,Villarreal CF,RW,83,Left-footed shot,Sergio Busquets,2,0,2,0
17/18,LaLiga,17,12/23/17,A,FC Barcelona,Real Madrid,SS,64,Penalty,,3,0,2,0
17/18,LaLiga,18,01/07/18,H,FC Barcelona,Levante UD,SS,12,Left-footed shot,Jordi Alba,3,0,1,0
17/18,Copa del Rey,last 16,01/11/18,H,FC Barcelona,Celta de Vigo,SS,13,Left-footed shot,Jordi Alba,5,0,1,0
17/18,Copa del Rey,last 16,01/11/18,H,FC Barcelona,Celta de Vigo,SS,15,Left-footed shot,Jordi Alba,5,0,2,0
17/18,LaLiga,19,01/14/18,A,FC Barcelona,Real Sociedad,SS,85,Direct free kick,,4,2,4,2
17/18,LaLiga,20,01/21/18,A,FC Barcelona,Real Betis Balompie,SS,64,Left-footed shot,Sergio Busquets,5,0,2,0
17/18,LaLiga,20,01/21/18,A,FC Barcelona,Real Betis Balompie,SS,80,Left-footed shot,Luis Suarez,5,0,4,0
17/18,Copa del Rey,Quarter-Finals,01/25/18,H,FC Barcelona,RCD Espanyol Barcelona,SS,25,Deflected shot on goal,,2,0,2,0
17/18,LaLiga,21,01/28/18,H,FC Barcelona,Deportivo Alaves,SS,84,Direct free kick,,2,1,2,1
17/18,UEFA Champions League,last 16,02/20/18,A,FC Barcelona,Chelsea FC,SS,75,Left-footed shot,Andres Iniesta,1,1,1,1
17/18,LaLiga,25,02/24/18,H,FC Barcelona,Girona FC,SS,30,Left-footed shot,Luis Suarez,6,1,2,1
17/18,LaLiga,25,02/24/18,H,FC Barcelona,Girona FC,SS,36,Direct free kick,,6,1,3,1
17/18,LaLiga,26,03/01/18,A,FC Barcelona,UD Las Palmas,SS,21,Direct free kick,,1,1,1,0
17/18,LaLiga,27,03/04/18,H,FC Barcelona,Atlético de Madrid,SS,26,Direct free kick,,1,0,1,0
17/18,UEFA Champions League,last 16,03/14/18,H,FC Barcelona,Chelsea FC,SS,3,Right-footed shot,Luis Suarez,3,0,1,0
17/18,UEFA Champions League,last 16,03/14/18,H,FC Barcelona,Chelsea FC,SS,63,Left-footed shot,Luis Suarez,3,0,3,0
17/18,LaLiga,29,03/18/18,H,FC Barcelona,Athletic Bilbao,SS,30,Left-footed shot,Ousmane Dembele,2,0,2,0
17/18,LaLiga,30,03/31/18,A,FC Barcelona,Sevilla FC,RW,89,Left-footed shot,Philippe Coutinho,2,2,2,2
17/18,LaLiga,31,04/07/18,H,FC Barcelona,CD Leganes,SS,27,Direct free kick,,3,1,1,0
17/18,LaLiga,31,04/07/18,H,FC Barcelona,CD Leganes,SS,32,Left-footed shot,Philippe Coutinho,3,1,2,0
17/18,LaLiga,31,04/07/18,H,FC Barcelona,CD Leganes,SS,87,Left-footed shot,Ousmane Dembele,3,1,3,1
17/18,Copa del Rey,Final,04/21/18,A,FC Barcelona,Sevilla FC,SS,31,Left-footed shot,Jordi Alba,5,0,2,0
17/18,LaLiga,35,04/29/18,A,FC Barcelona,Deportivo de La Coruña,CF,38,Left-footed shot,Luis Suarez,4,2,2,0
17/18,LaLiga,35,04/29/18,A,FC Barcelona,Deportivo de La Coruña,CF,82,Right-footed shot,Luis Suarez,4,2,3,2
17/18,LaLiga,35,04/29/18,A,FC Barcelona,Deportivo de La Coruña,CF,85,Left-footed shot,Luis Suarez,4,2,4,2
17/18,LaLiga,36,05/06/18,H,FC Barcelona,Real Madrid,SS,52,Left-footed shot,Luis Suarez,2,2,2,1
17/18,LaLiga,34,05/09/18,H,FC Barcelona,Villarreal CF,CF,45,Left-footed shot,Andres Iniesta,5,1,3,0
18/19,LaLiga,1,08/18/18,H,FC Barcelona,Deportivo Alaves,RW,64,Direct free kick,,3,0,1,0
18/19,LaLiga,1,08/18/18,H,FC Barcelona,Deportivo Alaves,RW,92,Left-footed shot,Luis Suarez,3,0,3,0
18/19,LaLiga,3,09/02/18,H,FC Barcelona,SD Huesca,RW,16,Right-footed shot,Ivan Rakitic,8,2,1,1
18/19,LaLiga,3,09/02/18,H,FC Barcelona,SD Huesca,RW,61,Left-footed shot,Philippe Coutinho,8,2,6,2
18/19,UEFA Champions League,Group Stage,09/18/18,H,FC Barcelona,PSV Eindhoven,RW,31,Direct free kick,,4,0,1,0
18/19,UEFA Champions League,Group Stage,09/18/18,H,FC Barcelona,PSV Eindhoven,RW,77,Left-footed shot,Ivan Rakitic,4,0,3,0
18/19,UEFA Champions League,Group Stage,09/18/18,H,FC Barcelona,PSV Eindhoven,RW,87,Right-footed shot,Luis Suarez,4,0,4,0
18/19,LaLiga,5,09/23/18,H,FC Barcelona,Girona7 FC,RW,19,Left-footed shot,Arturo Vidal,2,2,1,0
18/19,UEFA Champions League,Group Stage,10/03/18,A,FC Barcelona,TottenhAMHotspur,RW,56,Left-footed shot,Jordi Alba,4,2,3,1
18/19,UEFA Champions League,Group Stage,10/03/18,A,FC Barcelona,TottenhAMHotspur,RW,90,Left-footed shot,Jordi Alba,4,2,4,2
18/19,LaLiga,8,10/07/18,A,FC Barcelona,Valencia CF,RW,23,Left-footed shot,Luis Suarez,1,1,1,1
18/19,LaLiga,9,10/20/18,H,FC Barcelona,Sevilla FC,RW,12,Left-footed shot,Luis Suarez,4,2,2,0
18/19,LaLiga,12,11/11/18,H,FC Barcelona,Real Betis Balompie,SS,68,Penalty,,3,4,1,2
18/19,LaLiga,12,11/11/18,H,FC Barcelona,Real Betis Balompie,SS,94,Left-footed shot,Arturo Vidal,3,4,3,4
18/19,UEFA Champions League,Group Stage,11/28/18,A,FC Barcelona,PSV Eindhoven,CF,61,Left-footed shot,Ousmane Dembele,2,1,1,0
18/19,LaLiga,15,12/08/18,A,FC Barcelona,RCD Espanyol Barcelona,RW,17,Direct free kick,,4,0,1,0
18/19,LaLiga,15,12/08/18,A,FC Barcelona,RCD Espanyol Barcelona,RW,65,Direct free kick,,4,0,4,0
18/19,LaLiga,16,12/16/18,A,FC Barcelona,Levante UD,SS,43,Right-footed shot,Sergio Busquets,5,0,2,0
18/19,LaLiga,16,12/16/18,A,FC Barcelona,Levante UD,SS,47,Left-footed shot,,5,0,3,0
18/19,LaLiga,16,12/16/18,A,FC Barcelona,Levante UD,SS,60,Left-footed shot,Arturo Vidal,5,0,4,0
18/19,LaLiga,17,12/22/18,H,FC Barcelona,Celta de Vigo,RW,45,Left-footed shot,Jordi Alba,2,0,2,0
18/19,LaLiga,18,01/06/19,A,FC Barcelona,Getafe CF,RW,20,Left-footed shot,,2,1,1,0
18/19,LaLiga,19,01/13/19,H,FC Barcelona,SD Eibar,RW,53,Left-footed shot,Luis Suarez,3,0,2,0
18/19,Copa del Rey,last 16,01/17/19,H,FC Barcelona,Levante UD,CF,54,Left-footed shot,Nelson Semedo,3,0,3,0
18/19,LaLiga,20,01/20/19,H,FC Barcelona,CD Leganes,SS,92,Right-footed shot,Jordi Alba,3,1,3,1
18/19,LaLiga,21,01/27/19,A,FC Barcelona,Girona FC,RW,69,Left-footed shot,Jordi Alba,2,0,2,0
18/19,Copa del Rey,Quarter-Finals,01/30/19,H,FC Barcelona,Sevilla FC,RW,92,Left-footed shot,Jordi Alba,6,1,6,1
18/19,LaLiga,22,02/02/19,H,FC Barcelona,Valencia CF,RW,39,Penalty,,2,2,1,2
18/19,LaLiga,22,02/02/19,H,FC Barcelona,Valencia CF,RW,64,Left-footed shot,Arturo Vidal,2,2,2,2
18/19,LaLiga,24,02/16/19,H,FC Barcelona,Real Valladolid CF,RW,43,Penalty,,1,0,1,0
18/19,LaLiga,25,02/23/19,A,FC Barcelona,Sevilla FC,RW,26,Left-footed shot,Ivan Rakitic,4,2,1,1
18/19,LaLiga,25,02/23/19,A,FC Barcelona,Sevilla FC,RW,67,Right-footed shot,Ousmane Dembele,4,2,2,2
18/19,LaLiga,25,02/23/19,A,FC Barcelona,Sevilla FC,RW,85,Left-footed shot,,4,2,3,2
18/19,LaLiga,27,03/09/19,H,FC Barcelona,Rayo Vallecano,RW,51,Penalty,,3,1,2,1
18/19,UEFA Champions League,last 16,03/13/19,H,FC Barcelona,Olympique Lyon,RW,18,Penalty,,5,1,1,0
18/19,UEFA Champions League,last 16,03/13/19,H,FC Barcelona,Olympique Lyon,RW,78,Right-footed shot,Sergio Busquets,5,1,3,1
18/19,LaLiga,28,03/17/19,A,FC Barcelona,Real Betis Balompie,SS,18,Direct free kick,,4,1,1,0
18/19,LaLiga,28,03/17/19,A,FC Barcelona,Real Betis Balompie,SS,47,Left-footed shot,Luis Suarez,4,1,2,0
18/19,LaLiga,28,03/17/19,A,FC Barcelona,Real Betis Balompie,SS,85,Left-footed shot,Ivan Rakitic,4,1,4,1
18/19,LaLiga,29,03/30/19,H,FC Barcelona,RCD Espanyol Barcelona,RW,71,Direct free kick,,2,0,1,0
18/19,LaLiga,29,03/30/19,H,FC Barcelona,RCD Espanyol Barcelona,RW,89,Left-footed shot,Malcom,2,0,2,0
18/19,LaLiga,30,04/02/19,A,FC Barcelona,Villarreal CF,RW,90,Direct free kick,,4,4,3,4
18/19,LaLiga,31,04/06/19,H,FC Barcelona,Atlético de Madrid,SS,87,Left-footed shot,,2,0,2,0
18/19,UEFA Champions League,Quarter-Finals,04/16/19,H,FC Barcelona,Manchester United,RW,16,Left-footed shot,,3,0,1,0
18/19,UEFA Champions League,Quarter-Finals,04/16/19,H,FC Barcelona,Manchester United,RW,20,Right-footed shot,,3,0,2,0
18/19,LaLiga,35,04/27/19,H,FC Barcelona,Levante UD,RW,62,Left-footed shot,Arturo Vidal,1,0,1,0
18/19,UEFA Champions League,Semi-Finals,05/01/19,H,FC Barcelona,Liverpool FC,RW,75,Left-footed shot,Luis Suarez,3,0,2,0
18/19,UEFA Champions League,Semi-Finals,05/01/19,H,FC Barcelona,Liverpool FC,RW,82,Direct free kick,,3,0,3,0
18/19,LaLiga,38,05/19/19,A,FC Barcelona,SD Eibar,CF,31,Left-footed shot,Arturo Vidal,2,2,1,1
18/19,LaLiga,38,05/19/19,A,FC Barcelona,SD Eibar,CF,32,Left-footed shot,Ivan Rakitic,2,2,2,1
18/19,Copa del Rey,Final,05/25/19,H,FC Barcelona,Valencia CF,CF,73,Left-footed shot,Clement Lenglet,1,2,1,2
19/20,LaLiga,8,10/06/19,H,FC Barcelona,Sevilla FC,RW,78,Direct free kick,,4,0,4,0
19/20,LaLiga,9,10/19/19,A,FC Barcelona,SD Eibar,RW,58,Left-footed shot,Antoine Griezmann,3,0,2,0
19/20,UEFA Champions League,Group Stage,10/23/19,A,FC Barcelona,SK Slavia Prague,RW,3,Left-footed shot,Arthur,2,1,1,0
19/20,LaLiga,11,10/29/19,H,FC Barcelona,Real Valladolid CF,RW,34,Direct free kick,,5,1,3,1
19/20,LaLiga,11,10/29/19,H,FC Barcelona,Real Valladolid CF,RW,75,Left-footed shot,Ivan Rakitic,5,1,4,1
19/20,LaLiga,12,11/02/19,A,FC Barcelona,Levante UD,RW,38,Penalty,,1,3,1,0
19/20,LaLiga,13,11/09/19,H,FC Barcelona,Celta de Vigo,RW,23,Penalty,,4,1,1,0
19/20,LaLiga,13,11/09/19,H,FC Barcelona,Celta de Vigo,RW,46,Direct free kick,,4,1,2,1
19/20,LaLiga,13,11/09/19,H,FC Barcelona,Celta de Vigo,RW,48,Direct free kick,,4,1,3,1
19/20,UEFA Champions League,Group Stage,11/27/19,H,FC Barcelona,Borussia Dortmund,RW,33,Left-footed shot,Luis Suarez,3,1,2,0
19/20,LaLiga,15,12/01/19,A,FC Barcelona,Atlético de Madrid,RW,86,Left-footed shot,Luis Suarez,1,0,1,0
19/20,LaLiga,16,12/07/19,H,FC Barcelona,RCD Mallorca,RW,17,Left-footed shot,Antoine Griezmann,5,2,2,0
19/20,LaLiga,16,12/07/19,H,FC Barcelona,RCD Mallorca,RW,41,Left-footed shot,Ivan Rakitic,5,2,3,1
19/20,LaLiga,16,12/07/19,H,FC Barcelona,RCD Mallorca,RW,83,Left-footed shot,Luis Suarez,5,2,5,2
19/20,LaLiga,18,12/21/19,H,FC Barcelona,Deportivo Alaves,RW,69,Left-footed shot,Luis Suarez,4,1,3,1
19/20,Supercopa,Semi-Finals,01/09/20,H,FC Barcelona,Atlético de Madrid,RW,51,Right-footed shot,Luis Suarez,2,3,1,1
19/20,LaLiga,20,01/19/20,H,FC Barcelona,Granada CF,CF,76,Right-footed shot,Arturo Vidal,1,0,1,0
19/20,Copa del Rey,Round of 16,01/30/20,H,FC Barcelona,CD Leganes,RW,59,Left-footed shot,Frenkie de Jong,5,0,3,0
19/20,Copa del Rey,Round of 16,01/30/20,H,FC Barcelona,CD Leganes,RW,89,Left-footed shot,Ivan Rakitic,5,0,5,0
19/20,LaLiga,25,02/22/20,H,FC Barcelona,SD Eibar,SS,14,Left-footed shot,Ivan Rakitic,5,0,1,0
19/20,LaLiga,25,02/22/20,H,FC Barcelona,SD Eibar,SS,37,Left-footed shot,Arturo Vidal,5,0,2,0
19/20,LaLiga,25,02/22/20,H,FC Barcelona,SD Eibar,SS,40,Left-footed shot,,5,0,3,0
19/20,LaLiga,25,02/22/20,H,FC Barcelona,SD Eibar,SS,87,Left-footed shot,,5,0,4,0
19/20,LaLiga,27,03/07/20,H,FC Barcelona,Real Sociedad,CF,81,Penalty,,1,0,1,0
19/20,LaLiga,28,06/13/20,A,FC Barcelona,RCD Mallorca,RW,93,Right-footed shot,Luis Suarez,4,0,4,0
19/20,LaLiga,29,06/16/20,H,FC Barcelona,CD Leganes,RW,69,Penalty,,2,0,2,0
19/20,LaLiga,33,06/30/20,H,FC Barcelona,Atlético de Madrid,SS,50,Penalty,,2,2,2,1
19/20,LaLiga,37,07/16/20,H,FC Barcelona,CA Osasuna,RW,62,Direct free kick,,1,2,1,1
19/20,LaLiga,38,07/19/20,A,FC Barcelona,Deportivo Alaves,RW,34,Left-footed shot,Riqui Puig,5,0,2,0
19/20,LaLiga,38,07/19/20,A,FC Barcelona,Deportivo Alaves,RW,75,Left-footed shot,Jordi Alba,5,0,5,0
19/20,UEFA Champions League,last 16,08/08/20,H,FC Barcelona,SSC Napoli,SS,23,Left-footed shot,,3,1,2,0
20/21,LaLiga,3,09/27/20,H,FC Barcelona,Villarreal CF,CF,35,Penalty,,4,0,3,0
20/21,UEFA Champions League,Group Stage,10/20/20,H,FC Barcelona,Ferencvarosi TC,CF,27,Penalty,,5,1,1,0
20/21,UEFA Champions League,Group Stage,10/28/20,A,FC Barcelona,Juventus FC,CF,91,Penalty,,2,0,2,0
20/21,UEFA Champions League,Group Stage,11/04/20,H,FC Barcelona,Dynamo Kyiv,RW,5,Penalty,,2,1,1,0
20/21,LaLiga,9,11/07/20,H,FC Barcelona,Real Betis Balompie,CF,61,Penalty,,5,2,3,1
20/21,LaLiga,9,11/07/20,H,FC Barcelona,Real Betis Balompie,CF,82,Left-footed shot,Sergi Roberto,5,2,4,2
20/21,LaLiga,11,11/29/20,H,FC Barcelona,CA Osasuna,RW,73,Left-footed shot,Francisco TrincÃ£o,4,0,4,0
20/21,LaLiga,13,12/13/20,H,FC Barcelona,Levante UD,CF,76,Left-footed shot,Frenkie de Jong,1,0,1,0
20/21,LaLiga,14,12/19/20,H,FC Barcelona,Valencia CF,CF,49,Header,,2,2,1,1
20/21,LaLiga,15,12/22/20,A,FC Barcelona,Real Valladolid CF,AM,65,Left-footed shot,Pedri,3,0,3,0
20/21,LaLiga,2,01/06/21,A,FC Barcelona,Athletic Bilbao,CF,38,Left-footed shot,Pedri,3,2,2,1
20/21,LaLiga,2,01/06/21,A,FC Barcelona,Athletic Bilbao,CF,62,Left-footed shot,Antoine Griezmann,3,2,3,1
20/21,LaLiga,18,01/09/21,A,FC Barcelona,Granada CF,CF,35,Left-footed shot,Antoine Griezmann,4,0,2,0
20/21,LaLiga,18,01/09/21,A,FC Barcelona,Granada CF,CF,42,Direct free kick,,4,0,3,0
20/21,Copa del Rey,Round of 16,01/27/21,A,FC Barcelona,Rayo Vallecano,CF,69,Left-footed shot,Antoine Griezmann,2,1,1,1
20/21,LaLiga,21,01/31/21,H,FC Barcelona,Athletic Bilbao,CF,20,Direct free kick,,2,1,1,0
20/21,LaLiga,22,02/07/21,A,FC Barcelona,Real Betis Balompie,CF,59,Left-footed shot,Ousmane Dembele,3,2,1,1
20/21,LaLiga,23,02/13/21,H,FC Barcelona,Deportivo Alaves,CF,46,Left-footed shot,Sergio Busquets,5,1,2,0
20/21,LaLiga,23,02/13/21,H,FC Barcelona,Deportivo Alaves,CF,75,Left-footed shot,Antoine Griezmann,5,1,4,1
20/21,UEFA Champions League,last 16,02/16/21,H,FC Barcelona,Paris Saint-Germain,CF,27,Penalty,,1,4,1,0
20/21,LaLiga,24,02/21/21,H,FC Barcelona,Cadiz CF,CF,32,Penalty,,1,1,1,0
20/21,LaLiga,1,02/24/21,H,FC Barcelona,Elche CF,CF,48,Left-footed shot,Martin Braithwaite,3,0,1,0
20/21,LaLiga,1,02/24/21,H,FC Barcelona,Elche CF,CF,68,Left-footed shot,Frenkie de Jong,3,0,2,0
20/21,LaLiga,25,02/27/21,A,FC Barcelona,Sevilla FC,CF,85,Right-footed shot,Ilaix Moriba,2,0,2,0
20/21,UEFA Champions League,last 16,03/10/21,A,FC Barcelona,Paris Saint-Germain,SS,37,Long distance kick,Pedri,1,1,1,1
20/21,LaLiga,27,03/15/21,H,FC Barcelona,SD Huesca,SS,13,Left-footed shot,Sergio Busquets,4,1,1,0
20/21,LaLiga,27,03/15/21,H,FC Barcelona,SD Huesca,SS,90,Left-footed shot,Francisco TrincÃ£o,4,1,4,1
20/21,LaLiga,28,03/21/21,A,FC Barcelona,Real Sociedad,SS,56,Left-footed shot,Sergio Busquets,6,1,4,0
20/21,LaLiga,28,03/21/21,A,FC Barcelona,Real Sociedad,SS,89,Left-footed shot,Jordi Alba,6,1,6,1
20/21,Copa del Rey,Final,04/17/21,A,FC Barcelona,Athletic Bilbao,CF,68,Left-footed shot,Frenkie de Jong,4,0,3,0
20/21,Copa del Rey,Final,04/17/21,A,FC Barcelona,Athletic Bilbao,CF,72,Left-footed shot,Jordi Alba,4,0,4,0
20/21,LaLiga,31,04/22/21,H,FC Barcelona,Getafe CF,CF,8,Left-footed shot,Sergio Busquets,5,2,1,0
20/21,LaLiga,31,04/22/21,H,FC Barcelona,Getafe CF,CF,33,Left-footed shot,,5,2,3,1
20/21,LaLiga,33,04/29/21,H,FC Barcelona,Granada CF,CF,23,Left-footed shot,Antoine Griezmann,1,2,1,0
20/21,LaLiga,34,05/02/21,A,FC Barcelona,Valencia CF,CF,57,Left-footed shot,,3,2,1,1
20/21,LaLiga,34,05/02/21,A,FC Barcelona,Valencia CF,CF,69,Direct free kick,,3,2,3,1
20/21,LaLiga,36,05/11/21,A,FC Barcelona,Levante UD,SS,25,Left-footed shot,,3,3,1,0
20/21,LaLiga,37,05/16/21,H,FC Barcelona,Celta de Vigo,SS,28,Header,Sergio Busquets,1,2,1,0
21/22,UEFA Champions League,Group Stage,09/28/21,H,Paris Saint-Germain,Manchester City,RW,74,Left-footed shot,Kylian Mbappé,2,0,2,0
21/22,UEFA Champions League,Group Stage,10/19/21,H,Paris Saint-Germain,RB Leipzig,RW,67,Left-footed shot,Kylian Mbappé,3,2,2,2
21/22,UEFA Champions League,Group Stage,10/19/21,H,Paris Saint-Germain,RB Leipzig,RW,74,Penalty,,3,2,3,2
21/22,Ligue 1,14,11/20/21,H,Paris Saint-Germain,FC Nantes,RW,87,Left-footed shot,Kylian Mbappé,3,1,3,1
21/22,UEFA Champions League,Group Stage,12/07/21,H,Paris Saint-Germain,Club Brugge KV,CF,38,Left-footed shot,Kylian Mbappé,4,1,3,0
21/22,UEFA Champions League,Group Stage,12/07/21,H,Paris Saint-Germain,Club Brugge KV,CF,76,Penalty,,4,1,4,1
21/22,Ligue 1,23,02/06/22,A,Paris Saint-Germain,LOSC Lille,CF,38,Left-footed shot,,5,1,3,1
21/22,Ligue 1,30,04/03/22,H,Paris Saint-Germain,FC Lorient,RW,73,Left-footed shot,Kylian Mbappé,5,1,4,1
21/22,Ligue 1,34,04/23/22,H,Paris Saint-Germain,RC Lens,RW,68,Left-footed shot,Neymar,1,1,1,0
21/22,Ligue 1,37,05/14/22,A,Paris Saint-Germain,Montpellier,CF,6,Left-footed shot,Kylian Mbappé,4,0,1,0
21/22,Ligue 1,37,05/14/22,A,Paris Saint-Germain,Montpellier,CF,20,Left-footed shot,Kylian Mbappé,4,0,2,0
21/22,Trophée des Champions,Final,07/31/22,H,Paris Saint-Germain,FC Nantes,CF,22,Right-footed shot,,4,0,1,0
21/22,Ligue 1,1,08/06/22,A,Paris Saint-Germain,Clermont Foot,CF,80,Left-footed shot,Neymar,5,0,4,0
21/22,Ligue 1,1,08/06/22,A,Paris Saint-Germain,Clermont Foot,CF,86,Left-footed shot,Leandro Paredes,5,0,5,0
22/23,Trophée des Champions,Final,07/31/22,H,Paris Saint-Germain,FC Nantes,CF,22,Right-footed shot,,4,0,1,0
22/23,Ligue 1,1,08/06/22,A,Paris Saint-Germain,Clermont Foot,CF,80,Left-footed shot,Neymar,5,0,4,0
22/23,Ligue 1,1,08/06/22,A,Paris Saint-Germain,Clermont Foot,CF,86,Left-footed shot,Leandro Paredes,5,0,5,0
22/23,Ligue 1,3,08/21/22,A,Paris Saint-Germain,LOSC Lille,AM,27,Right-footed shot,Nuno Mendes,7,1,2,0
22/23,UEFA Champions League,Group Stage,09/14/22,A,Paris Saint-Germain,Maccabi Haifa,SS,37,Left-footed shot,,3,1,1,1
22/23,Ligue 1,8,09/18/22,A,Paris Saint-Germain,Olympique Lyon,AM,5,Left-footed shot,Neymar,1,0,1,0
22/23,Ligue 1,9,10/01/22,H,Paris Saint-Germain,OGC Nice,AM,28,Direct free kick,,2,1,1,0
22/23,UEFA Champions League,Group Stage,10/05/22,A,Paris Saint-Germain,SL Benfica,AM,22,Left-footed shot,Neymar,1,1,1,0
22/23,Ligue 1,12,10/21/22,A,Paris Saint-Germain,AC Ajaccio,CF,78,Left-footed shot,Kylian Mbappé,3,0,2,0
22/23,UEFA Champions League,Group Stage,10/25/22,H,Paris Saint-Germain,Maccabi Haifa,SS,19,Left-footed shot,Kylian Mbappé,7,2,1,0
22/23,UEFA Champions League,Group Stage,10/25/22,H,Paris Saint-Germain,Maccabi Haifa,SS,44,Left-footed shot,Kylian Mbappé,7,2,4,1
22/23,Ligue 1,13,10/29/22,H,Paris Saint-Germain,ESTAC Troyes,RW,55,Left-footed shot,Sergio Ramos,4,3,2,2
22/23,Ligue 1,18,01/11/23,H,Paris Saint-Germain,Angers SCO,AM,72,Right-footed shot,Nordi Mukiele,2,0,2,0
22/23,Ligue 1,21,02/01/23,A,Paris Saint-Germain,Montpellier HSC,SS,72,Left-footed shot,Fabián Ruiz,3,1,2,0
22/23,Ligue 1,22,02/04/23,H,Paris Saint-Germain,FC Toulouse,SS,58,Left-footed shot,Achraf Hakimi,2,1,2,1
22/23,Ligue 1,24,02/19/23,H,Paris Saint-Germain,LOSC Lille,CF,95,Direct free kick,	,4,3,4,3
22/23,Ligue 1,25,02/26/23,A,Paris Saint-Germain,Olympique Marseille,CF,29,Right-footed shot,Kylian Mbappé,3,0,2,0
22/23,Ligue 1,26,03/04/23,H,Paris Saint-Germain,FC Nantes,CF,12,Left-footed shot,,4,2,1,0
22/23,Ligue 1,30,04/08/23,A,Paris Saint-Germain,OGC Nice,CF,26,Left-footed shot,Nuno Mendes,2,0,1,0
22/23,Ligue 1,31,04/15/23,H,Paris Saint-Germain,RC Lens,CF,40,Left-footed shot,Kylian Mbappé,3,1,3,0
22/23,Ligue 1,37,05/27/23,A,Paris Saint-Germain,R Strasbourg,CF,59,Left-footed shot,Kylian Mbappé,1,1,1,0
22/23,Leagues Cup,Group Stage,07/22/23,A,Inter Miami CF,CD Cruz Azul,RW,94,Direct free kick,,2,1,2,1
22/23,Leagues Cup,Group Stage,07/26/23,H,Inter Miami CF,Atlanta United FC,RW,8,Right-footed shot,Sergio Busquets,4,0,1,0
22/23,Leagues Cup,Group Stage,07/26/23,H,Inter Miami CF,Atlanta United FC,RW,22,Right-footed shot,Robert Taylor,4,0,2,0
22/23,Leagues Cup,Round of 32,08/02/23,H,Inter Miami CF,Orlando City SC,RW,7,Left-footed shot,Robert Taylor,3,1,1,0
22/23,Leagues Cup,Round of 32,08/02/23,H,Inter Miami CF,Orlando City SC,RW,72,Right-footed shot,Josef Martínez,3,1,3,1
22/23,Leagues Cup,Round of 16,08/06/23,A,Inter Miami CF,FC Dallas,RW,6,Left-footed shot,Jordi Alba,4,4,1,0
22/23,Leagues Cup,Round of 16,08/06/23,A,Inter Miami CF,FC Dallas,RW,85,Direct free kick,,4,4,4,4
22/23,Leagues Cup,Quarter-Finals,08/11/23,H,Inter Miami CF,Charlotte FC,RW,86,Left-footed shot,Leonardo Campana,4,0,4,0
22/23,Leagues Cup,Semi-Finals,08/15/23,A,Inter Miami CF,Philadelphia Union,RW,20,Left-footed shot,Josef Martínez,4,1,2,0
22/23,Leagues Cup,Final,08/19/23,A,Inter Miami CF,Nashville SC,RW,23,Left-footed shot,,1,1,1,0
22/23,MLS,28,08/27/23,A,Inter Miami CF,New York City FC,CF,89,Left-footed shot,Benja Cremaschi,2,0,2,0
